-- phpMyAdmin SQL Dump
-- version 4.4.15.6
-- http://www.phpmyadmin.net
--
-- Host: localhost
-- Generation Time: 2018-09-27 14:00:22
-- 服务器版本： 5.5.48-log
-- PHP Version: 5.6.22

SET SQL_MODE = "NO_AUTO_VALUE_ON_ZERO";
SET time_zone = "+00:00";


/*!40101 SET @OLD_CHARACTER_SET_CLIENT=@@CHARACTER_SET_CLIENT */;
/*!40101 SET @OLD_CHARACTER_SET_RESULTS=@@CHARACTER_SET_RESULTS */;
/*!40101 SET @OLD_COLLATION_CONNECTION=@@COLLATION_CONNECTION */;
/*!40101 SET NAMES utf8mb4 */;

--
-- Database: `neweb`
--

-- --------------------------------------------------------

--
-- 表的结构 `lz_admin`
--

CREATE TABLE IF NOT EXISTS `lz_admin` (
  `id` tinyint(3) unsigned NOT NULL,
  `username` varchar(20) NOT NULL,
  `password` char(32) NOT NULL,
  `name` varchar(20) DEFAULT NULL COMMENT '管理员名称',
  `avatar` varchar(250) DEFAULT NULL COMMENT '头像'
) ENGINE=InnoDB AUTO_INCREMENT=2 DEFAULT CHARSET=utf8;

--
-- 转存表中的数据 `lz_admin`
--

INSERT INTO `lz_admin` (`id`, `username`, `password`, `name`, `avatar`) VALUES
(1, 'Jason', 'b0d01a2787c0d1f90a806636a4341014', 'Jason', '/uploads/images/20180630/c9a74150e7a7c766d9557141c8cec9d5.jpg');

-- --------------------------------------------------------

--
-- 表的结构 `lz_article`
--

CREATE TABLE IF NOT EXISTS `lz_article` (
  `id` int(10) unsigned NOT NULL,
  `category_id` int(10) unsigned NOT NULL COMMENT '栏目ID',
  `title` varchar(200) NOT NULL COMMENT '标题',
  `keywords` varchar(100) DEFAULT NULL COMMENT '标签',
  `description` varchar(255) DEFAULT NULL COMMENT '摘要',
  `image_url` varchar(200) DEFAULT NULL COMMENT '图片',
  `content` text COMMENT '内容',
  `create_time` datetime DEFAULT NULL COMMENT '添加时间',
  `update_time` datetime DEFAULT NULL COMMENT '更新时间',
  `author` varchar(20) DEFAULT NULL COMMENT '文章作者',
  `source` varchar(30) DEFAULT NULL COMMENT '文章来源',
  `hits` int(10) unsigned DEFAULT '0' COMMENT '点击量',
  `is_recommend` tinyint(1) DEFAULT '0' COMMENT '是否推荐',
  `is_top` tinyint(4) DEFAULT '0' COMMENT '是否置顶',
  `url` varchar(250) DEFAULT NULL COMMENT '文章链接'
) ENGINE=InnoDB DEFAULT CHARSET=utf8;

-- --------------------------------------------------------

--
-- 表的结构 `lz_category`
--

CREATE TABLE IF NOT EXISTS `lz_category` (
  `id` int(10) unsigned NOT NULL,
  `parent_id` int(10) unsigned NOT NULL COMMENT '上级id',
  `model_id` tinyint(3) unsigned NOT NULL COMMENT '模型id',
  `name` varchar(30) NOT NULL COMMENT '栏目名称',
  `image_url` varchar(255) DEFAULT NULL COMMENT '栏目图片',
  `description` varchar(255) DEFAULT NULL COMMENT '栏目描述',
  `is_menu` tinyint(1) unsigned DEFAULT NULL COMMENT '是否导航显示',
  `sort` tinyint(3) unsigned NOT NULL DEFAULT '20' COMMENT '排序',
  `meta_keywords` varchar(200) DEFAULT NULL COMMENT '页面关键词',
  `meta_description` varchar(255) DEFAULT NULL COMMENT '页面描述',
  `index_template` varchar(50) NOT NULL DEFAULT 'index' COMMENT '主页模版',
  `list_template` varchar(50) NOT NULL DEFAULT 'list' COMMENT '列表模版',
  `show_template` varchar(50) NOT NULL DEFAULT 'show' COMMENT '详情页模版',
  `url` varchar(200) NOT NULL COMMENT '栏目链接',
  `is_cover` tinyint(1) unsigned NOT NULL DEFAULT '0' COMMENT '是否有封面页'
) ENGINE=MyISAM AUTO_INCREMENT=30 DEFAULT CHARSET=utf8;

--
-- 转存表中的数据 `lz_category`
--

INSERT INTO `lz_category` (`id`, `parent_id`, `model_id`, `name`, `image_url`, `description`, `is_menu`, `sort`, `meta_keywords`, `meta_description`, `index_template`, `list_template`, `show_template`, `url`, `is_cover`) VALUES
(1, 0, 3, '编程人生', '', '', 1, 0, '学习过程，学习方法，过程分享，错误处理，解决办法', '记录学习的过程和方法，记录与分享各种程序报错，', 'index', 'list', 'show', '', 1),
(20, 1, 3, 'Linux', '', '', 1, 20, '', '', 'index', 'list', 'show', '', 1),
(19, 0, 3, '胡言乱语', '', '', 1, 20, '', '', 'index', 'list', 'show', '', 1),
(22, 1, 3, '建站闲谈', '', '', 1, 20, '建站相关,网站，seo推广,网站优化,服务器加速', '', 'index', 'list', 'show', '', 1),
(7, 0, 0, '后台留言', '', '', 1, 4, '', '', 'index', 'list', 'show', 'http://neweb.top/index/feedback/index', 0),
(9, 1, 3, 'PHP编程', '', '', 1, 1, 'PHP,常见问题,编程技巧,编程方法', '', 'index', 'list', 'show', '', 1),
(10, 0, 3, '兴趣爱好', '', '', 1, 3, '音乐,MV,原创音乐,中国风', '', 'index', 'list', 'show', '', 1),
(11, 1, 3, 'WEB前端', '', '', 1, 2, '', '', 'index', 'list', 'show', '', 0),
(28, 10, 0, '在线音乐盒', '', '', 1, 26, NULL, NULL, 'index', 'list', 'show', 'http://neweb.top/music', 0),
(26, 10, 3, '音乐MV', '', '', 1, 20, '', '', 'index', 'list', 'show', '', 1),
(24, 19, 1, '关于本站', '', '', 1, 20, '站长介绍,关于我', '', 'index', 'list', 'show', '', 1),
(25, 19, 3, '随手杂记', '', '', 1, 20, '', '', 'index', 'list', 'show', '', 1),
(27, 10, 3, '网页工具', '', '', 1, 20, '', '', 'index', 'list', 'show', '', 1),
(29, 10, 0, '杰新影院', '', '免费看视频哦', 1, 20, NULL, NULL, 'index', 'list', 'show', 'http://vip.php365.top', 0);

-- --------------------------------------------------------

--
-- 表的结构 `lz_download`
--

CREATE TABLE IF NOT EXISTS `lz_download` (
  `id` int(10) unsigned NOT NULL,
  `category_id` int(10) unsigned NOT NULL,
  `title` varchar(50) NOT NULL COMMENT '标题',
  `image_url` varchar(250) DEFAULT NULL COMMENT '封面图片',
  `file_url` varchar(250) DEFAULT NULL COMMENT '下载文件',
  `filename` varchar(100) DEFAULT NULL COMMENT '文件名',
  `is_recommend` tinyint(1) DEFAULT '0' COMMENT '是否推荐',
  `description` varchar(255) DEFAULT NULL COMMENT '文件描述',
  `create_time` datetime DEFAULT NULL COMMENT '上传时间',
  `hits` int(11) DEFAULT NULL COMMENT '点击量',
  `download_num` int(11) DEFAULT NULL COMMENT '下载次数',
  `url` varchar(200) DEFAULT NULL COMMENT '链接',
  `demo_url` varchar(200) DEFAULT NULL COMMENT '演示链接',
  `is_top` tinyint(4) DEFAULT '0' COMMENT '是否置顶'
) ENGINE=InnoDB DEFAULT CHARSET=utf8;

-- --------------------------------------------------------

--
-- 表的结构 `lz_feedback`
--

CREATE TABLE IF NOT EXISTS `lz_feedback` (
  `id` int(10) unsigned NOT NULL,
  `member_id` int(10) unsigned NOT NULL COMMENT '会员ID',
  `title` varchar(50) DEFAULT NULL COMMENT '留言标题',
  `content` text COMMENT '留言内容',
  `create_time` datetime DEFAULT NULL COMMENT '留言时间',
  `reply` text COMMENT '回复内容',
  `reply_time` datetime DEFAULT NULL COMMENT '回复时间',
  `admin_name` varchar(20) DEFAULT NULL COMMENT '管理员名称',
  `admin_avatar` varchar(250) DEFAULT NULL COMMENT '管理员头像',
  `useragent` varchar(255) DEFAULT NULL COMMENT '浏览器配置',
  `ip` varchar(100) DEFAULT NULL,
  `ip_addr` varchar(200) DEFAULT '中国某地区网友',
  `username` varchar(30) DEFAULT NULL COMMENT '自己填的昵称',
  `website` varchar(100) DEFAULT NULL COMMENT '网址'
) ENGINE=InnoDB AUTO_INCREMENT=65 DEFAULT CHARSET=utf8;

--
-- 转存表中的数据 `lz_feedback`
--

INSERT INTO `lz_feedback` (`id`, `member_id`, `title`, `content`, `create_time`, `reply`, `reply_time`, `admin_name`, `admin_avatar`, `useragent`, `ip`, `ip_addr`, `username`, `website`) VALUES
(1, 2, '你好啊，博主。来瞅瞅', '你好啊，博主。来瞅瞅', '2018-06-30 13:32:17', NULL, NULL, NULL, NULL, 'Mozilla/5.0 (Windows NT 6.1; WOW64) AppleWebKit/537.36 (KHTML, like Gecko) Chrome/55.0.2883.87 Safari/537.36', '', '中国浙江杭州电信-网友', NULL, NULL),
(2, 1, '越来越好', '越来越好', '2018-06-30 14:52:09', '谢谢!<img src="http://changnew.top/static/layui/images/face/50.gif" alt="[熊猫]">', '2018-06-30 17:15:00', NULL, NULL, 'Mozilla/5.0 (Windows NT 6.1; WOW64) AppleWebKit/537.36 (KHTML, like Gecko) Chrome/55.0.2883.87 Safari/537.36', '', '中国浙江杭州联通-网友', NULL, NULL),
(3, 0, '很棒的改动，看起来瞬间高端多了，哈哈~', '很棒的改动，看起来瞬间高端多了，哈哈~&lt;img src="http://changnew.top/template/default/static/layui/images/face/47.gif" alt="[心]"&gt;', '2018-07-04 09:41:24', '三克油啦，没那么夸张的<img src="http://changnew.top/static/layui/images/face/1.gif" alt="[嘻嘻]">', '2018-07-06 00:00:00', NULL, NULL, 'Mozilla/5.0 (Linux; U; Android 5.1.1; zh-cn; vivo X7 Build/LMY47V) AppleWebKit/537.36 (KHTML, like Gecko) Version/4.0 Chrome/57.0.2987.132 MQQBrowser/8.6 Mobile Safari/537.36', '', '中国浙江杭州联通-网友', NULL, NULL),
(4, 0, '给我来一个', '给我来一个&lt;img src="http://changnew.top/template/default/static/layui/images/face/2.gif" alt="[哈哈]"&gt;', '2018-07-04 10:11:39', '好啊，支付一元钱可以领取！哈哈...<img src="http://changnew.top/static/layui/images/face/28.gif" alt="[馋嘴]">', '2018-07-04 11:17:19', 'Jason', '/uploads/images/20180630/c9a74150e7a7c766d9557141c8cec9d5.jpg', 'Mozilla/5.0 (Windows NT 6.1; Win64; x64; rv:61.0) Gecko/20100101 Firefox/61.0', '', '中国浙江杭州移动-网友', NULL, NULL),
(5, 0, 'json', '&lt;p&gt;<img src="http://changnew.top/static/layui/images/face/36.gif" alt="[酷]">jason&lt;/p&gt;&lt;p&gt;&lt;br&gt;&lt;/p&gt;', '2018-07-04 10:12:04', '', '2018-07-04 00:00:00', NULL, NULL, 'Mozilla/5.0 (Windows NT 6.1; Win64; x64; rv:61.0) Gecko/20100101 Firefox/61.0', '', '中国浙江杭州联通-网友', NULL, NULL),
(18, 0, '疯呀，就是不出来', '&lt;img src="http://changnew.top/template/default/static/layui/images/face/18.gif" alt="[右哼哼]"&gt;疯呀，就是不出来', '2018-07-04 18:23:31', '别急，慢慢调<img src="http://changnew.top/static/layui/images/face/0.gif" alt="[微笑]">', '2018-07-06 00:00:00', NULL, NULL, 'Mozilla/5.0 (Windows NT 6.1; WOW64) AppleWebKit/537.36 (KHTML, like Gecko) Chrome/63.0.3239.26 Safari/537.36 Core/1.63.5514.400 QQBrowser/10.1.1626.400', '124.160.88.210', '中国浙江杭州联通-网友', NULL, NULL),
(27, 0, '好棒的博客！简洁大气，点个赞', '好棒的博客！简洁大气，点个赞&lt;img src="http://changnew.top/template/default/static/layui/images/face/47.gif" alt="[心]"&gt;', '2018-07-05 04:49:35', '<img src="http://changnew.top/static/layui/images/face/47.gif" alt="[心]">', '2018-07-06 00:00:00', NULL, NULL, 'Mozilla/5.0 (Linux; U; Android 5.1.1; zh-cn; vivo X7 Build/LMY47V) AppleWebKit/537.36 (KHTML, like Gecko) Version/4.0 Chrome/57.0.2987.132 MQQBrowser/8.6 Mobile Safari/537.36', '123.151.77.73', '中国天津天津电信-网友', NULL, NULL),
(28, 0, '早(๑•̀ㅁ•́ฅ✧，博主', '早(๑&bull;̀ㅁ&bull;́ฅ✧，博主', '2018-07-05 04:51:01', NULL, NULL, NULL, NULL, 'Mozilla/5.0 (Linux; U; Android 5.1.1; zh-cn; vivo X7 Build/LMY47V) AppleWebKit/537.36 (KHTML, like Gecko) Version/4.0 Chrome/57.0.2987.132 MQQBrowser/8.6 Mobile Safari/537.36', '123.151.77.73', '中国天津天津电信-网友', NULL, NULL),
(29, 0, '—=≡∑((( つ•̀ω•́)つ我来了', '&mdash;=&equiv;&sum;((( つ&bull;̀&omega;&bull;́)つ我来了', '2018-07-05 04:51:34', NULL, NULL, NULL, NULL, 'Mozilla/5.0 (Linux; U; Android 5.1.1; zh-cn; vivo X7 Build/LMY47V) AppleWebKit/537.36 (KHTML, like Gecko) Version/4.0 Chrome/57.0.2987.132 MQQBrowser/8.6 Mobile Safari/537.36', '123.151.77.73', '中国天津天津电信-网友', NULL, NULL),
(49, 0, '博主的博客改的很不舒服，是很舒服！我的博客也想要留言这里的效果，怎么弄啊，求指教', '&lt;p&gt;&lt;span&gt;博主的博客改的&lt;/span&gt;&lt;strike&gt;很不舒服，&lt;/strike&gt;&lt;span&gt;是很舒服！&lt;/span&gt;&lt;img src="http://changnew.top/template/default/static/layui/images/face/1.gif" alt="[嘻嘻]"&gt;&lt;span&gt;我的博客也想要留言这里的效果，怎么弄啊，求指教&lt;/span&gt;&lt;/p&gt;', '2018-07-06 08:33:27', '', '2018-07-06 00:00:00', NULL, NULL, NULL, '124.160.88.210', '中国浙江杭州联通用户', NULL, NULL),
(50, 0, '好喜欢啊，这套博客留言太好了，求博主公布教程啊', '好喜欢啊，这套博客留言太好了，求博主公布教程啊<img src="http://changnew.top/static/layui/images/face/14.gif" alt="[亲亲]">', '2018-07-06 11:57:27', '', '2018-07-06 00:00:00', NULL, NULL, NULL, '124.160.88.210', '中国浙江杭州联通用户', NULL, NULL),
(51, 0, '博主的博客改的很不舒服，是很舒服！我的博客也想要留言这里的效果，怎么弄啊，求指教', '&lt;p&gt;&lt;span&gt;博主的博客改的&lt;/span&gt;&lt;strike&gt;很不舒服，&lt;/strike&gt;&lt;span&gt;是很舒服！&lt;/span&gt;<img src="http://changnew.top/static/layui/images/face/1.gif" alt="[嘻嘻]">&lt;span&gt;我的博客也想要留言这里的效果，怎么弄啊，求指教&lt;/span&gt;&lt;/p&gt;', '2018-07-06 12:31:31', '以后的博文中会发布教程的，敬请期待哈<img src="http://changnew.top/static/layui/images/face/51.gif" alt="[兔子]">', '2018-07-06 00:00:00', NULL, NULL, 'Mozilla/5.0 (Windows NT 6.1; Win64; x64) AppleWebKit/537.36 (KHTML, like Gecko) Chrome/67.0.3396.62 Safari/537.36', '124.160.88.210', '中国浙江杭州联通用户', NULL, NULL),
(52, 0, '菜鸟博客来访，贵博是自己写的程序吗？', '菜鸟博客来访，贵博是自己写的程序吗？<img src="http://changnew.top/static/layui/images/face/0.gif" alt="[微笑]">', '2018-07-06 15:28:05', '这是<a target="_self" href="http://www.phplaozhang.com">老张博客</a>，写的很不错，利用TP5+layui写的，我在基础上二次开发，刚做起来，还在不停的维护，谢谢互踩哈<img src="http://changnew.top/static/layui/images/face/47.gif" alt="[心]">', '2018-07-06 16:32:53', 'Jason', '/uploads/images/20180630/c9a74150e7a7c766d9557141c8cec9d5.jpg', 'Mozilla/5.0 (Windows NT 10.0; Win64; x64) AppleWebKit/537.36 (KHTML, like Gecko) Chrome/67.0.3396.99 Safari/537.36', '123.120.22.85', '中国北京北京联通用户', NULL, NULL),
(54, 0, '博客站，就是每个人的网络自留地。喜欢博客，欢迎互访哦！', '博客站，就是每个人的网络自留地。喜欢博客，欢迎互访哦！&lt;img src="http://changnew.top/template/default/static/layui/images/face/47.gif" alt="[心]"&gt;', '2018-07-06 17:15:59', '说得好，欢迎溜门儿哈<img src="http://changnew.top/static/layui/images/face/52.gif" alt="[ok]">', '2018-07-06 00:00:00', NULL, NULL, 'Mozilla/5.0 (Windows NT 6.1; Win64; x64) AppleWebKit/537.36 (KHTML, like Gecko) Chrome/67.0.3396.62 Safari/537.36', '124.160.88.210', '中国浙江杭州联通用户', '子奇博客', 'http://shidezhi.top'),
(55, 0, '过来看看，老铁，搞得还挺热闹的哈，开博大吉啊！', '过来看看，老铁，搞得还挺热闹的哈，开博大吉啊！&lt;img src=&quot;http://changnew.top/template/default/static/layui/images/face/54.gif&quot; alt=&quot;[good]&quot;&gt;', '2018-07-06 19:23:10', '<img src="http://changnew.top/static/layui/images/face/63.gif" alt="[给力]">', '2018-07-10 08:32:08', 'Jason', '/uploads/images/20180630/c9a74150e7a7c766d9557141c8cec9d5.jpg', 'Mozilla/5.0 (Windows NT 6.1; Win64; x64) AppleWebKit/537.36 (KHTML, like Gecko) Chrome/67.0.3396.62 Safari/537.36', '124.160.88.210', '中国浙江杭州联通用户', '六十二社区', 'http://www.prm612.top'),
(56, 0, '过来转转，哈哈。博客非常漂亮', '&lt;p&gt;过来转转，哈哈。博客非常漂亮&lt;/p&gt;', '2018-07-07 22:39:50', '欢迎啊，会去回访呢，你的网站设计的也很舒服<img src="http://changnew.top/static/layui/images/face/50.gif" alt="[熊猫]">', '2018-07-09 17:37:54', 'Jason', '/uploads/images/20180630/c9a74150e7a7c766d9557141c8cec9d5.jpg', 'Mozilla/5.0 (Windows NT 6.1; WOW64; Trident/7.0; rv:11.0) like Gecko QQBrowser/8.1.3700.400', '116.8.32.158', '中国广西南宁电信用户', '焱鹏博客', 'http://www.ysylang.com'),
(57, 0, '(๑•ᴗ•๑)贵博好好看 可以交个py吗', '&lt;p&gt;(๑•ᴗ•๑)贵博好好看 可以交个py吗&lt;/p&gt;', '2018-07-08 15:19:54', '当然可以啊，新建的站，可以加个友链吗？<img src="http://changnew.top/static/layui/images/face/1.gif" alt="[嘻嘻]">', '2018-07-09 00:00:00', NULL, NULL, 'Mozilla/5.0 (Windows NT 6.1; WOW64) AppleWebKit/537.36 (KHTML, like Gecko) Chrome/66.0.3359.181 Safari/537.36', '183.20.145.196', '中国广东阳江电信用户', '冷眼观世界', 'http://www.lygsj.top'),
(58, 0, '网站地址：http://www.lygsj.top网站名称：冷界资源博客网站类型', '&lt;ul&gt;&lt;li&gt;&lt;strong&gt;网站地址：http://www.lygsj.top&lt;/strong&gt;&lt;/li&gt;&lt;li&gt;&lt;strong&gt;网站名称：冷界资源博客&lt;/strong&gt;&lt;/li&gt;&lt;li&gt;&lt;strong&gt;网站类型：个人博客&lt;/strong&gt;&lt;/li&gt;&lt;/ul&gt;&lt;p&gt;&lt;ul&gt;&lt;li&gt;&lt;strong&gt;网站描述：(๑&bull;ᴗ&bull;๑)介细一个可耐滴干货分享站点&lt;/strong&gt;&lt;/li&gt;&lt;/ul&gt;&lt;p&gt;&lt;ul&gt;&lt;li&gt;管你新站旧站 就是交个PY哪来那么多要求(# ﾟДﾟ)&lt;/li&gt;&lt;/ul&gt;&lt;/p&gt;&lt;/p&gt;', '2018-07-09 13:05:36', '好吧，没问题。<img src="http://changnew.top/static/layui/images/face/11.gif" alt="[爱你]">', '2018-07-09 13:37:34', 'Jason', '/uploads/images/20180630/c9a74150e7a7c766d9557141c8cec9d5.jpg', 'Mozilla/5.0 (Windows NT 6.1; WOW64) AppleWebKit/537.36 (KHTML, like Gecko) Chrome/66.0.3359.181 Safari/537.36', '116.31.102.100', '中国广东佛山电信用户', '冷眼观世界', 'http://www.lygsj.top'),
(60, 0, '不能回复评论唉 (ﾟДﾟ)っ差评！', '&lt;p&gt;不能回复评论唉 (ﾟДﾟ)っ差评！&lt;/p&gt;', '2018-07-09 15:22:23', '<img src="http://changnew.top/static/layui/images/face/61.gif" alt="[囧]"><img src="http://changnew.top/static/layui/images/face/61.gif" alt="[囧]">', '2018-07-09 17:39:13', 'Jason', '/uploads/images/20180630/c9a74150e7a7c766d9557141c8cec9d5.jpg', 'Mozilla/5.0 (Windows NT 6.1; WOW64) AppleWebKit/537.36 (KHTML, like Gecko) Chrome/66.0.3359.181 Safari/537.36', '116.31.102.100', '中国广东佛山电信用户', '冷眼观世界', 'http://www.lygsj.top'),
(61, 0, '朋友 交换链接吗 &amp;nbsp;联系 hlphyc@126.com', '朋友 交换链接吗 &amp;nbsp;联系 hlphyc@126.com', '2018-07-10 07:34:32', '不好意思，贵站的内容不太符合本博客添加友链的条件，暂时不予考虑。再次感谢您的来访！！<img src="http://changnew.top/static/layui/images/face/0.gif" alt="[微笑]">', '2018-07-10 08:30:42', 'Jason', '/uploads/images/20180630/c9a74150e7a7c766d9557141c8cec9d5.jpg', 'Mozilla/5.0 (Windows NT 6.3; WOW64) AppleWebKit/537.36 (KHTML, like Gecko) Chrome/55.0.2883.87 Safari/537.36', '183.131.24.68', '中国浙江杭州电信用户', 'gigscloud', 'https://www.gigscloud.cn/'),
(62, 6, '6666666666666666666', '&lt;p&gt;6666666666666666666&lt;/p&gt;&lt;p&gt;&lt;br&gt;&lt;/p&gt;', '2018-07-11 21:32:34', NULL, NULL, NULL, NULL, 'Mozilla/5.0 (Windows NT 10.0; WOW64) AppleWebKit/537.36 (KHTML, like Gecko) Chrome/49.0.2623.112 Safari/537.36', '183.131.24.74', '中国浙江杭州电信用户', '', 'http://'),
(63, 6, '666666666666666666666666666', '&lt;img src=&quot;http://neweb.top/template/default/static/layui/images/face/47.gif&quot; alt=&quot;[心]&quot;&gt;&lt;img src=&quot;http://neweb.top/template/default/static/layui/images/face/47.gif&quot; alt=&quot;[心]&quot;&gt;666666666666666666666666666', '2018-07-11 21:34:26', '<img src="http://neweb.top/static/layui/images/face/0.gif" alt="[微笑]">', '2018-07-11 21:34:38', 'Jason', '/uploads/images/20180630/c9a74150e7a7c766d9557141c8cec9d5.jpg', 'Mozilla/5.0 (Windows NT 10.0; WOW64) AppleWebKit/537.36 (KHTML, like Gecko) Chrome/49.0.2623.112 Safari/537.36', '124.160.123.164', '中国浙江杭州联通用户', '', 'http://'),
(64, 0, '&amp;lt;script&amp;gt;alert(''ddd'');&amp;lt;/script', '&lt;p&gt;&lt;span&gt;&amp;lt;script&amp;gt;alert(''ddd'');&amp;lt;/script&amp;gt;&lt;/span&gt;&lt;/p&gt;', '2018-09-11 13:28:09', NULL, NULL, NULL, NULL, 'Mozilla/5.0 (Windows NT 6.1; WOW64) AppleWebKit/537.36 (KHTML, like Gecko) Chrome/63.0.3239.132 Safari/537.36', '183.131.24.71', '中国浙江杭州电信用户', '', 'http://');

-- --------------------------------------------------------

--
-- 表的结构 `lz_link`
--

CREATE TABLE IF NOT EXISTS `lz_link` (
  `id` int(10) unsigned NOT NULL,
  `category_id` int(10) unsigned NOT NULL COMMENT '栏目ID',
  `title` varchar(50) NOT NULL COMMENT '标题',
  `image_url` varchar(200) DEFAULT NULL COMMENT '图片',
  `url` varchar(200) DEFAULT NULL COMMENT '链接地址',
  `description` varchar(255) DEFAULT NULL COMMENT '连接描述',
  `create_time` datetime DEFAULT NULL COMMENT '添加时间',
  `is_recommend` tinyint(1) DEFAULT '0' COMMENT '是否推荐',
  `is_top` tinyint(4) DEFAULT '0' COMMENT '是否置顶'
) ENGINE=InnoDB DEFAULT CHARSET=utf8;

-- --------------------------------------------------------

--
-- 表的结构 `lz_member`
--

CREATE TABLE IF NOT EXISTS `lz_member` (
  `id` int(10) unsigned NOT NULL,
  `openid` char(32) DEFAULT NULL COMMENT '第三方登陆openid',
  `nickname` varchar(50) DEFAULT NULL COMMENT '昵称',
  `avatar` varchar(250) DEFAULT NULL COMMENT '头像',
  `create_time` datetime DEFAULT NULL COMMENT '注册时间',
  `sex` char(2) DEFAULT '未知' COMMENT '性别',
  `update_time` datetime DEFAULT NULL COMMENT '修改时间',
  `last_login_time` datetime DEFAULT NULL COMMENT '最后登陆时间'
) ENGINE=InnoDB AUTO_INCREMENT=7 DEFAULT CHARSET=utf8;

--
-- 转存表中的数据 `lz_member`
--

INSERT INTO `lz_member` (`id`, `openid`, `nickname`, `avatar`, `create_time`, `sex`, `update_time`, `last_login_time`) VALUES
(1, '2EFA8988545EAC700BAFA8F29E9AE0B1', '杰新', 'http://thirdqq.qlogo.cn/qqapp/101486486/2EFA8988545EAC700BAFA8F29E9AE0B1/100', '2018-06-30 09:23:59', '男', '2018-06-30 09:23:59', '2018-07-05 09:04:38'),
(2, 'B10FB86BDC6513D74D7D55E7939619BA', '颓而不废', 'http://thirdqq.qlogo.cn/qqapp/101486486/B10FB86BDC6513D74D7D55E7939619BA/100', '2018-06-30 13:31:44', '男', '2018-06-30 13:31:44', '2018-06-30 13:31:50'),
(3, 'F53C28B6F47786DE188F94C9380B1EE9', '聆听★心语', 'http://thirdqq.qlogo.cn/qqapp/101486486/F53C28B6F47786DE188F94C9380B1EE9/100', '2018-07-04 10:12:32', '男', '2018-07-04 10:12:32', '2018-07-04 10:12:47'),
(4, '8443441571292DC995EDC23D667AF493', '冷眼观世界', 'http://thirdqq.qlogo.cn/qqapp/101486486/8443441571292DC995EDC23D667AF493/100', '2018-07-08 15:19:15', '男', '2018-07-08 15:19:15', '2018-07-08 15:19:15'),
(5, NULL, NULL, NULL, '2018-07-11 16:06:04', '未知', '2018-07-11 16:06:04', '2018-07-11 16:06:04'),
(6, 'C5A96763BA51CE12FA01A18FEADA0467', 'Adam', 'http://thirdqq.qlogo.cn/qqapp/101486486/C5A96763BA51CE12FA01A18FEADA0467/100', '2018-07-11 21:31:28', '男', '2018-07-11 21:31:28', '2018-07-11 21:31:57');

-- --------------------------------------------------------

--
-- 表的结构 `lz_model`
--

CREATE TABLE IF NOT EXISTS `lz_model` (
  `id` int(10) unsigned NOT NULL,
  `name` varchar(30) NOT NULL COMMENT '模型名称',
  `tablename` char(20) NOT NULL COMMENT '表名',
  `index_template` char(30) NOT NULL DEFAULT 'index' COMMENT '封面页模板',
  `list_template` char(30) NOT NULL DEFAULT 'list' COMMENT '列表模板',
  `show_template` char(30) NOT NULL DEFAULT 'show' COMMENT '详情页模板'
) ENGINE=MyISAM AUTO_INCREMENT=6 DEFAULT CHARSET=utf8 COMMENT='模型表';

--
-- 转存表中的数据 `lz_model`
--

INSERT INTO `lz_model` (`id`, `name`, `tablename`, `index_template`, `list_template`, `show_template`) VALUES
(1, '单页模型', 'page', 'index', 'list', 'show'),
(2, '文章模型', 'article', 'index', 'list', 'show'),
(3, '图集模型', 'picture', 'index', 'list', 'show'),
(4, '链接模型', 'link', 'index', 'list', 'show'),
(5, '下载模型', 'download', 'index', 'list', 'show');

-- --------------------------------------------------------

--
-- 表的结构 `lz_page`
--

CREATE TABLE IF NOT EXISTS `lz_page` (
  `id` int(10) unsigned NOT NULL,
  `category_id` int(10) unsigned NOT NULL COMMENT '分类ID',
  `title` varchar(200) NOT NULL COMMENT '标题',
  `description` varchar(255) DEFAULT NULL COMMENT '摘要',
  `content` text COMMENT '内容',
  `image_url` varchar(200) DEFAULT NULL COMMENT '图片',
  `create_time` datetime DEFAULT NULL COMMENT '添加时间'
) ENGINE=InnoDB AUTO_INCREMENT=2 DEFAULT CHARSET=utf8;

--
-- 转存表中的数据 `lz_page`
--

INSERT INTO `lz_page` (`id`, `category_id`, `title`, `description`, `content`, `image_url`, `create_time`) VALUES
(1, 24, '关于本站', '#自我介绍      本人，男，山西大同人。姑且称呼【戴先森】就好了。93年老大叔一枚，小时后没好好学习，去年才某二流大学毕业，自从工作以来，一直在建站，却从未做过自己的网站。所以，在不忙的时候，加了加班，挤出时间来做了一个博客，平时记录些日志什么的。由于是主攻后端，对于CSS、HTML没有那么精通，样式也就看得过去就好。#本站模版      看了很多博客系统，wordpress、zblog、emblog等等，都还不错，可我只想要一个简', '<p><b>#自我介绍</b></p><p>&nbsp; &nbsp; &nbsp; 本人，男，山西大同人。姑且称呼【戴先森】就好了。93年老大叔一枚，小时后没好好学习，去年才某二流大学毕业，自从工作以来，一直在建站，却从未做过自己的网站。所以，在不忙的时候，加了加班，挤出时间来做了一个博客，平时记录些日志什么的。由于是主攻后端，对于CSS、HTML没有那么精通，样式也就看得过去就好。<img alt="[熊猫]" src="http://changnew.top/static/layui/images/face/50.gif"></p><p><b><br></b></p><p><b>#本站模版</b></p><p><b>&nbsp; &nbsp; &nbsp; </b>看了很多博客系统，wordpress、zblog、emblog等等，都还不错，可我只想要一个简洁的，可以随意改动代码的博客系统，这些博客系统还需要花费精力去熟悉研究，实在提不起兴趣。尽管功能很完善...终于有一天，看了现在的这款【<a href="http://lzcms.top" target="_blank">老张博客</a>】（请允许我加超链接）.眼前一亮，很惊叹，完全符合我心里的博客雏形，最重要的是采用ThinkPHP5系列和Layui开发的，使用起来超级舒服。拿到源码后，开始改动样式，调整页面...这里，必须由衷感谢我的前端神助攻--<a href="http://www.prm612.top" target="_blank">小猛子</a>.</p><p><br></p><p><b>#建站经历</b></p><p><b>&nbsp; &nbsp; &nbsp;</b>也不知道花了多少时间，总算是改的差不多了。自从看了<a href="https://mkblog.cn" target="_blank">孟坤博客</a>后，深深的被那种图片布局吸引了...于是，决定把这款博客的图片模型微调整成那种类似的布局。以后的日子，我会慢慢的加一些喜欢的东西进来，自己亲手打造的博客，想来也是意义非凡吧。<img alt="[哈哈]" src="http://changnew.top/static/layui/images/face/2.gif">目前，已经把留言部分，添加了获取评论者浏览器、系统信息等功能、用户头像本来打算像wordpress一样取Gravata头像的，可是由于这个头像系统是国外的，等待时间还是有的，为了提高页面访问速度、优化体验，还是决定舍弃了。改成了系统默认的20种头像随机读取，这样子服务器读取速度就快了很多了，另外还有些小功能（玩意儿）也被加进来了，比如天气插件、日历插件，以后还会加入更多好玩的东西，敬请期待吧！<img alt="[挤眼]" src="http://changnew.top/static/layui/images/face/8.gif"></p><p><br></p><p><b>#重要说明</b></p><p><b><br></b></p><p><b>&nbsp; &nbsp; &nbsp;目前这个域名不是永久域名，因为我的新域名还在备案，应该于七月底就能下来。到时候，会将本站域名更换为<a href="http://neweb.top" target="_self">neweb.top</a>.如果有什么喜欢的地方，你也是用的这套源码建站，可以留言给我。我可以写一份教程出来，供大家一起分享学习。好了，就这么多了，以后有空再啰嗦吧！<img alt="[心]" src="http://changnew.top/static/layui/images/face/47.gif"></b></p><p><b><br></b></p><p><b><img alt="528c229f0a13e_meitu_1.jpg" src="/uploads/layedit/20180709/39d00363c0a6e6760f9af4a9494af1ae.jpg"><br></b></p>', '', '2018-07-15 12:53:53');

-- --------------------------------------------------------

--
-- 表的结构 `lz_picture`
--

CREATE TABLE IF NOT EXISTS `lz_picture` (
  `id` int(10) unsigned NOT NULL,
  `category_id` int(10) unsigned NOT NULL COMMENT '栏目ID',
  `title` varchar(50) DEFAULT NULL COMMENT '图片名称',
  `image_url` varchar(200) DEFAULT '' COMMENT '封面图片',
  `images` text COMMENT '图集地址json',
  `content` text COMMENT '详情',
  `description` varchar(255) DEFAULT NULL COMMENT '图片描述',
  `is_recommend` tinyint(1) DEFAULT '0' COMMENT '是否推荐',
  `create_time` datetime DEFAULT NULL COMMENT '添加时间',
  `hits` int(11) DEFAULT NULL COMMENT '点击量',
  `url` varchar(200) DEFAULT NULL COMMENT '地址',
  `is_top` tinyint(4) DEFAULT '0' COMMENT '是否置顶'
) ENGINE=InnoDB AUTO_INCREMENT=22 DEFAULT CHARSET=utf8;

--
-- 转存表中的数据 `lz_picture`
--

INSERT INTO `lz_picture` (`id`, `category_id`, `title`, `image_url`, `images`, `content`, `description`, `is_recommend`, `create_time`, `hits`, `url`, `is_top`) VALUES
(3, 22, '做网站如何把握好用户需求呢？', '/uploads/images/20180706/e1751f6e1ca9c631035b1ee5faa86c5a.jpg', '{"1":"\\/uploads\\/images\\/20180706\\/e1751f6e1ca9c631035b1ee5faa86c5a.jpg"}', '<p style="margin-top: 0px; margin-bottom: 0px; padding: 0px; -webkit-tap-highlight-color: rgba(0, 0, 0, 0); font-family: &quot;Microsoft YaHei&quot;; font-size: 14px; white-space: normal; background-color: rgb(255, 255, 255);"><span style="font-size: 16px;">&nbsp;&nbsp;&nbsp;&nbsp;&nbsp;&nbsp;&nbsp;&nbsp;在做网站或者做个人博客的过程中，我们思考最多的是怎样让自己的网站吸引更多的用户。当然这样的想法本身没有错，然而如果我们站在用户的立场来思考如何打造优质的网站，您就会发现很多我们平时所忽略掉的细节，而这些恰恰是影响我们网站优化的关键点。接下来我们就来仔细分析如何根据用户需求去制作网站。</span></p><p style="margin-top: 0px; margin-bottom: 0px; padding: 0px; -webkit-tap-highlight-color: rgba(0, 0, 0, 0); font-family: &quot;Microsoft YaHei&quot;; font-size: 14px; white-space: normal; background-color: rgb(255, 255, 255);"><span style="color: rgb(114, 114, 114); font-family: 微软雅黑; text-indent: 28px; font-size: 16px;">&nbsp;</span></p><p style="margin-top: 0px; margin-bottom: 0px; padding: 0px; -webkit-tap-highlight-color: rgba(0, 0, 0, 0); font-family: &quot;Microsoft YaHei&quot;; font-size: 14px; white-space: normal; background-color: rgb(255, 255, 255);"><span style="font-size: 16px;"><span style="font-size: 16px; padding: 0px; margin: 0px; list-style: none;"></span>&nbsp;&nbsp;&nbsp;&nbsp;&nbsp;&nbsp;&nbsp;&nbsp;1、网站推广学会尊重用户的选择。根据以往的经验来看，很多的网站都添加了强制性的弹出广告，一部分站长会认为这将会以一种更为直接的方式来推销网站的产品。不过从用户体验的角度来思考这个问题，您就会发现这样颇具强制推销的做站方式会让用户感觉到一丝的反感，所以关于网站产品的推广你还需要做到学会尊重用户的选择，让用户自主的挑选自己所钟爱的网站产品。</span></p><p style="margin-top: 0px; margin-bottom: 0px; padding: 0px; -webkit-tap-highlight-color: rgba(0, 0, 0, 0); font-family: &quot;Microsoft YaHei&quot;; font-size: 14px; white-space: normal; background-color: rgb(255, 255, 255);"><span style="padding: 0px; margin: 0px; list-style: none; font-size: 16px;">&nbsp;</span></p><p style="margin-top: 0px; margin-bottom: 0px; padding: 0px; -webkit-tap-highlight-color: rgba(0, 0, 0, 0); font-family: &quot;Microsoft YaHei&quot;; font-size: 14px; white-space: normal; background-color: rgb(255, 255, 255);"><span style="font-size: 16px;"><span style="font-size: 16px; padding: 0px; margin: 0px; list-style: none;"></span>&nbsp;&nbsp;&nbsp;&nbsp;&nbsp;&nbsp;&nbsp;&nbsp;2、做吸引用户的网站资讯。在解决了搜索引擎的难题之后，我们的网站势必会有更多的用户前来访问。那么此刻我们又应该使用什么样的精品资讯来吸引用户的目光呢？首先原创是我们一定要做到的，当然关于资讯的内容我们还是尽量的挑选那些最新，有阅读深度的文章。只要我们可以坚持这样做下去，那么留住更多的老用户便不会再是难题。<span style="font-size: 16px; padding: 0px; margin: 0px; list-style: none;"></span></span></p><p style="margin-top: 0px; margin-bottom: 0px; padding: 0px; -webkit-tap-highlight-color: rgba(0, 0, 0, 0); font-size: 14px; white-space: normal; background-color: rgb(255, 255, 255); list-style: none; font-family: 微软雅黑; color: rgb(114, 114, 114); line-height: 25px; text-indent: 28px;"><span style="padding: 0px; margin: 0px; list-style: none; font-size: 16px;">&nbsp;</span></p><p style="margin-top: 0px; margin-bottom: 0px; padding: 0px; -webkit-tap-highlight-color: rgba(0, 0, 0, 0); font-family: &quot;Microsoft YaHei&quot;; font-size: 14px; white-space: normal; background-color: rgb(255, 255, 255);"><span style="font-size: 16px;"><span style="font-size: 16px; padding: 0px; margin: 0px; list-style: none;"></span>&nbsp;&nbsp;&nbsp;&nbsp;&nbsp;&nbsp;&nbsp;&nbsp;3、了解用户使用搜索引擎的习惯。当我们在思考用户需求分析的问题之时，您是否想过用户使用搜索引擎的习惯呢？事实上几乎所有的定向流量用户都是通过搜索引擎进入我们网站的，这样就是为什么如今更多的站长们都加入到了搜索引擎优化之中。用户会使用什么样的关键词来寻找我们的产品，不同年龄段用户在使用搜索引擎之时不同的习惯，把这些问题考虑清楚，会极大地有助于我们的网站。</span></p><p><img src="/ueditor/php/upload/image/20180706/1530855388119696.jpg" title="1530855388119696.jpg" alt="QQ截图20180706133614.jpg" width="666" height="357"/></p>', '        在做网站或者做个人博客的过程中，我们思考最多的是怎样让自己的网站吸引更多的用户。当然这样的想法本身没有错，然而如果我们站在用户的立场来思考如何打造优质的网站，您就会发现很多我们平时所忽略掉的细节，而这些恰恰是影响我们网站优化的关键点。接下来我们就来仔细分析如何根据用户需求去制作网站。         1、网站推广', 1, '2018-06-27 19:24:07', 71, '/index/picture/show/id/3.html', 0),
(4, 22, '网站建设中的面包屑导航有什么作用？', '/uploads/images/20180706/c52fbd4a3795f697d468cff42a68a651.jpg', '{"1":"\\/uploads\\/images\\/20180706\\/c52fbd4a3795f697d468cff42a68a651.jpg"}', '<p style="margin-top: 0px; margin-bottom: 0px; padding: 0px; -webkit-tap-highlight-color: rgba(0, 0, 0, 0); font-family: &quot;Microsoft YaHei&quot;; font-size: 14px; white-space: normal; background-color: rgb(255, 255, 255);"><span style="font-size: 16px;">&nbsp;&nbsp;&nbsp;&nbsp;&nbsp;&nbsp;&nbsp;&nbsp;在网站建设的过程中，面包屑导航是十分重要的。面包屑导航可以让访客了解到他当前所处的位置，和这个页面在网站中所处的位置。科学合理的网站目录结构能够让用户随时的找到自己所在的位置，同时又可以保证分类后各个栏目的权重。那么，网站建设中的面包屑有哪些作用呢？</span></p><p style="margin-top: 0px; margin-bottom: 0px; padding: 0px; -webkit-tap-highlight-color: rgba(0, 0, 0, 0); font-family: &quot;Microsoft YaHei&quot;; font-size: 14px; white-space: normal; background-color: rgb(255, 255, 255);"><br/></p><p style="margin-top: 0px; margin-bottom: 0px; padding: 0px; -webkit-tap-highlight-color: rgba(0, 0, 0, 0); font-family: &quot;Microsoft YaHei&quot;; font-size: 14px; white-space: normal; background-color: rgb(255, 255, 255);"><span style="font-size: 16px;">&nbsp;&nbsp;&nbsp;&nbsp;&nbsp;&nbsp;&nbsp;&nbsp;1、降低网站跳出率。面包屑导航在用户进入网站后可以诱使用户进行深层次的浏览，比如我在搜索引擎上看到一篇织梦模板网的文章，点击进入后我通过面包屑导航发现了其他感兴趣的内容，我就会继续浏览下去，延长网站访问时间。</span></p><p style="margin-top: 0px; margin-bottom: 0px; padding: 0px; -webkit-tap-highlight-color: rgba(0, 0, 0, 0); font-family: &quot;Microsoft YaHei&quot;; font-size: 14px; white-space: normal; background-color: rgb(255, 255, 255);"><br/></p><p style="margin-top: 0px; margin-bottom: 0px; padding: 0px; -webkit-tap-highlight-color: rgba(0, 0, 0, 0); font-family: &quot;Microsoft YaHei&quot;; font-size: 14px; white-space: normal; background-color: rgb(255, 255, 255);"><span style="font-size: 16px;">&nbsp;&nbsp;&nbsp;&nbsp;&nbsp;&nbsp;&nbsp;&nbsp;2、合理的导航架构，提升体验度。面包屑导航能够使用户清楚看出网站的内容组织方式，供回到各个层级的入口。特别是对于分级比较多的大型网站，可以让用户便捷的找到需要的信息，对于用户体验的提高作提用是十分明显的。</span></p><p style="margin-top: 0px; margin-bottom: 0px; padding: 0px; -webkit-tap-highlight-color: rgba(0, 0, 0, 0); font-family: &quot;Microsoft YaHei&quot;; font-size: 14px; white-space: normal; background-color: rgb(255, 255, 255);"><br/></p><p style="margin-top: 0px; margin-bottom: 0px; padding: 0px; -webkit-tap-highlight-color: rgba(0, 0, 0, 0); font-family: &quot;Microsoft YaHei&quot;; font-size: 14px; white-space: normal; background-color: rgb(255, 255, 255);"><span style="font-size: 16px;">&nbsp;&nbsp;&nbsp;&nbsp;&nbsp;&nbsp;&nbsp;&nbsp;3、更加利于seo优化。面包屑导航不仅不占用网页空间，对网站内链的建设也十分有好处，使得蜘蛛只要顺着链接爬行就可以了，增加网站的收录，提高权重和排名，促进seo目标的实现。用户体验不高原因在网站本身，做好面包屑导航，就做好了用户体验的第一步。</span></p><p><br/></p>', '        在网站建设的过程中，面包屑导航是十分重要的。面包屑导航可以让访客了解到他当前所处的位置，和这个页面在网站中所处的位置。科学合理的网站目录结构能够让用户随时的找到自己所在的位置，同时又可以保证分类后各个栏目的权重。那么，网站建设中的面包屑有哪些作用呢？        1、降低网站跳出率。面包屑导航在用户进入网站后可以诱使用户', 1, '2018-06-27 19:49:33', 1319, '/index/picture/show/id/4.html', 0),
(5, 22, 'PHP世界里有那么多优秀的框架，我该选择哪个？', '/uploads/images/20180706/0db488c9ffb8bc145d0f8d319ba56df6.jpg', '{"1":"\\/uploads\\/images\\/20180706\\/0db488c9ffb8bc145d0f8d319ba56df6.jpg"}', '<p style="margin-top: 0px; margin-bottom: 0px; padding: 0px; -webkit-tap-highlight-color: rgba(0, 0, 0, 0); font-family: &quot;Microsoft YaHei&quot;; font-size: 14px; white-space: normal; background-color: rgb(255, 255, 255);"><span style="font-size: 16px;">&nbsp;&nbsp;&nbsp;&nbsp;&nbsp;&nbsp;&nbsp;&nbsp;没有最好，只有更适合和语言之争一样，框架一样没有那个最好这种说法，只有更适合。</span></p><p style="margin-top: 0px; margin-bottom: 0px; padding: 0px; -webkit-tap-highlight-color: rgba(0, 0, 0, 0); font-family: &quot;Microsoft YaHei&quot;; font-size: 14px; white-space: normal; background-color: rgb(255, 255, 255);"><span style="font-size: 16px;"><br/></span></p><p style="margin-top: 0px; margin-bottom: 0px; padding: 0px; -webkit-tap-highlight-color: rgba(0, 0, 0, 0); font-family: &quot;Microsoft YaHei&quot;; font-size: 14px; white-space: normal; background-color: rgb(255, 255, 255);">&nbsp;&nbsp;&nbsp;&nbsp;&nbsp;&nbsp;&nbsp;<span style="font-size: 16px;">&nbsp;这里的更适合我要给大家解释下。</span></p><p style="margin-top: 0px; margin-bottom: 0px; padding: 0px; -webkit-tap-highlight-color: rgba(0, 0, 0, 0); font-family: &quot;Microsoft YaHei&quot;; font-size: 14px; white-space: normal; background-color: rgb(255, 255, 255);"><span style="font-size: 16px;"><br/></span></p><p style="margin-top: 0px; margin-bottom: 0px; padding: 0px; -webkit-tap-highlight-color: rgba(0, 0, 0, 0); font-family: &quot;Microsoft YaHei&quot;; font-size: 14px; white-space: normal; background-color: rgb(255, 255, 255);">&nbsp;&nbsp;&nbsp;&nbsp;&nbsp; &nbsp;&nbsp;<span style="font-size: 16px;">&nbsp;1、更适合是 你非常了解一个框架 ，一定要注意不是因为你使用过 就一定更适合，因为只有你认证了解过 在出现极端问题才知道怎么解决。</span></p><p style="margin-top: 0px; margin-bottom: 0px; padding: 0px; -webkit-tap-highlight-color: rgba(0, 0, 0, 0); font-family: &quot;Microsoft YaHei&quot;; font-size: 14px; white-space: normal; background-color: rgb(255, 255, 255);"><span style="font-size: 16px;">&nbsp;&nbsp;&nbsp;&nbsp;&nbsp;&nbsp;&nbsp;&nbsp;2、更适合是 你当前技术栈选择，例如公司大部分人都会Yii2 框架，你说我们选择个tp5，你这不是折腾人嘛，多人的智慧还是可取的。</span></p><p style="margin-top: 0px; margin-bottom: 0px; padding: 0px; -webkit-tap-highlight-color: rgba(0, 0, 0, 0); font-family: &quot;Microsoft YaHei&quot;; font-size: 14px; white-space: normal; background-color: rgb(255, 255, 255);"><span style="font-size: 16px;">&nbsp;&nbsp;&nbsp;&nbsp;&nbsp;&nbsp;&nbsp;&nbsp;3、更适合是 相对而言 文档比较丰富，不然新人学习成本很高的。其实真有最好也是不好的，百花齐放百家争鸣 这样才能促进一个东西的进步，如果整个互联网PHP的框架 都是鸟哥的yaf，那就一家独大，框架就很难发展啦。不要局限自己，我所了解的一些朋友，当自己熟悉某个框架之后 就觉得其他的框架都是浮云，这就有点画地为牢 把自己圈起来了，不愿意接受新的知识了。我们做研发的（乃至所有工种），学习能力是我们的一大法宝，一个人的学习能力越强，其实就越能明白 世界很大，我们所了解的局限了（现在想想小学学的井底之蛙就明白了）。</span></p><p style="margin-top: 0px; margin-bottom: 0px; padding: 0px; -webkit-tap-highlight-color: rgba(0, 0, 0, 0); font-family: &quot;Microsoft YaHei&quot;; font-size: 14px; white-space: normal; background-color: rgb(255, 255, 255);"><br/></p><p style="margin-top: 0px; margin-bottom: 0px; padding: 0px; -webkit-tap-highlight-color: rgba(0, 0, 0, 0); font-family: &quot;Microsoft YaHei&quot;; font-size: 14px; white-space: normal; background-color: rgb(255, 255, 255);">&nbsp;&nbsp;&nbsp;&nbsp;&nbsp;&nbsp;&nbsp;&nbsp;<span style="font-size: 16px;">可能有同学说来点实际了，不然就太鸡汤了，好吧，我来上几盘硬菜，对于我们php来讲 ，突破局限 要求 对 tp,yii2，laravel 最好都有了解，最起码你要了解两个，记住我说的是了解，如果你真真了解了，其实你就应该能够明白MVC是怎么实现的了，并且会学习到很多面试经常问答的优秀设计模式。</span></p><p style="margin-top: 0px; margin-bottom: 0px; padding: 0px; -webkit-tap-highlight-color: rgba(0, 0, 0, 0); font-family: &quot;Microsoft YaHei&quot;; font-size: 14px; white-space: normal; background-color: rgb(255, 255, 255);"><br/></p><p style="margin-top: 0px; margin-bottom: 0px; padding: 0px; -webkit-tap-highlight-color: rgba(0, 0, 0, 0); font-family: &quot;Microsoft YaHei&quot;; font-size: 14px; white-space: normal; background-color: rgb(255, 255, 255);">&nbsp;&nbsp;&nbsp;&nbsp;&nbsp;&nbsp;<span style="font-size: 16px;">&nbsp;&nbsp;对我们互联网从业人员来讲，突破局限 要求 不要只会一门语言，例如我个人无论是PHP，python，java， node，还是App 开发 都可以啦（哇，是不是全栈工程师，这里我不说这个，我觉得这本来是一个褒义词，现在好像随便来一个都是全栈，我只能说我不是），其实你多学习几个语言 你会发现，基本处理逻辑都是差不多的，只是语法和对应技术栈可能不太一样。</span></p><p style="margin-top: 0px; margin-bottom: 0px; padding: 0px; -webkit-tap-highlight-color: rgba(0, 0, 0, 0); font-family: &quot;Microsoft YaHei&quot;; font-size: 14px; white-space: normal; background-color: rgb(255, 255, 255);"><br/></p><p style="margin-top: 0px; margin-bottom: 0px; padding: 0px; -webkit-tap-highlight-color: rgba(0, 0, 0, 0); font-family: &quot;Microsoft YaHei&quot;; font-size: 14px; white-space: normal; background-color: rgb(255, 255, 255);"><span style="font-size: 18px;">&nbsp;&nbsp;&nbsp;&nbsp;&nbsp;&nbsp;&nbsp;&nbsp;对于入门新手的建议</span></p><p style="margin-top: 0px; margin-bottom: 0px; padding: 0px; -webkit-tap-highlight-color: rgba(0, 0, 0, 0); font-family: &quot;Microsoft YaHei&quot;; font-size: 14px; white-space: normal; background-color: rgb(255, 255, 255);"><span style="font-size: 18px;"><br/></span></p><p style="margin-top: 0px; margin-bottom: 0px; padding: 0px; -webkit-tap-highlight-color: rgba(0, 0, 0, 0); font-family: &quot;Microsoft YaHei&quot;; font-size: 14px; white-space: normal; background-color: rgb(255, 255, 255);">&nbsp;&nbsp;&nbsp;&nbsp;&nbsp;&nbsp;&nbsp;<span style="color: rgb(255, 0, 0);">&nbsp;可能有些新手会说，我才入门，你这要求有点太高了，你开始这么想没有问题，但是请看了这篇文章之后 一定要抛弃这种想法。我对才入门的或者准备入门的新手，有如下几个学习建议。</span></p><p style="margin-top: 0px; margin-bottom: 0px; padding: 0px; -webkit-tap-highlight-color: rgba(0, 0, 0, 0); font-family: &quot;Microsoft YaHei&quot;; font-size: 14px; white-space: normal; background-color: rgb(255, 255, 255);"><span style="color: rgb(255, 0, 0);">&nbsp;&nbsp;&nbsp;&nbsp;&nbsp;&nbsp;&nbsp;</span></p><p style="margin-top: 0px; margin-bottom: 0px; padding: 0px; -webkit-tap-highlight-color: rgba(0, 0, 0, 0); font-family: &quot;Microsoft YaHei&quot;; font-size: 14px; white-space: normal; background-color: rgb(255, 255, 255);">&nbsp;&nbsp;&nbsp;&nbsp;&nbsp; &nbsp;&nbsp;<strong><span style="font-size: 16px;">&nbsp;1：充分利用互联网的学习资源，但是请不要只看 不练习，编程就是实践出真理的，不同的环境会遇到不同的问题 浪子助你提高解决问题能力。</span></strong></p><p style="margin-top: 0px; margin-bottom: 0px; padding: 0px; -webkit-tap-highlight-color: rgba(0, 0, 0, 0); font-family: &quot;Microsoft YaHei&quot;; font-size: 14px; white-space: normal; background-color: rgb(255, 255, 255);"><strong><span style="font-size: 16px;">&nbsp;&nbsp;&nbsp;&nbsp;&nbsp;&nbsp;&nbsp;&nbsp;2：选择身边有人用的框架学习，因为你遇到问题可以就近原则寻求帮助。</span></strong></p><p style="margin-top: 0px; margin-bottom: 0px; padding: 0px; -webkit-tap-highlight-color: rgba(0, 0, 0, 0); font-family: &quot;Microsoft YaHei&quot;; font-size: 14px; white-space: normal; background-color: rgb(255, 255, 255);"><strong><span style="font-size: 16px;">&nbsp;&nbsp;&nbsp;&nbsp;&nbsp;&nbsp;&nbsp;&nbsp;3：不要轻易放弃，好不容易下定决定学习 就给自己 3 ~ 6 个月 时间看看自己是否适合。</span></strong></p><p style="margin-top: 0px; margin-bottom: 0px; padding: 0px; -webkit-tap-highlight-color: rgba(0, 0, 0, 0); font-family: &quot;Microsoft YaHei&quot;; font-size: 14px; white-space: normal; background-color: rgb(255, 255, 255);"><strong><span style="font-size: 16px;">&nbsp;&nbsp;&nbsp;&nbsp;&nbsp;&nbsp;&nbsp;&nbsp;4：学会释放压力，编程遇到难点了，出去逛逛，看看电影撒的，也许会有不一样的思考。</span></strong></p><p style="margin-top: 0px; margin-bottom: 0px; padding: 0px; -webkit-tap-highlight-color: rgba(0, 0, 0, 0); font-family: &quot;Microsoft YaHei&quot;; font-size: 14px; white-space: normal; background-color: rgb(255, 255, 255);">&nbsp;&nbsp;&nbsp;&nbsp;&nbsp;&nbsp;&nbsp;</p><p style="margin-top: 0px; margin-bottom: 0px; padding: 0px; -webkit-tap-highlight-color: rgba(0, 0, 0, 0); font-family: &quot;Microsoft YaHei&quot;; font-size: 14px; white-space: normal; background-color: rgb(255, 255, 255);">&nbsp; &nbsp; &nbsp; &nbsp;<span style="font-size: 16px;">希望以上会对freshman 有帮助。</span></p><p style="margin-top: 0px; margin-bottom: 0px; padding: 0px; -webkit-tap-highlight-color: rgba(0, 0, 0, 0); font-family: &quot;Microsoft YaHei&quot;; font-size: 14px; white-space: normal; background-color: rgb(255, 255, 255);"><br/></p><p style="margin-top: 0px; margin-bottom: 0px; padding: 0px; -webkit-tap-highlight-color: rgba(0, 0, 0, 0); font-family: &quot;Microsoft YaHei&quot;; font-size: 14px; white-space: normal; background-color: rgb(255, 255, 255);">&nbsp;&nbsp;&nbsp;&nbsp;&nbsp; &nbsp; <span style="font-size: 18px;">最后，</span><span style="font-size: 18px;">我希望大家 只要 抱着开放的心态去学习 ，去折腾自己，敢于分享，对自己要求更高。我相信我们再也不会讨论框架和语言这种相对无聊没有营养的话题。只要你认真探索互联网这个浩瀚的宇宙，你会发现很多奇妙的玩意。</span></p><p><br/></p>', '     没有最好，只有更适合和语言之争一样，框架一样没有那个最好这种说法，只有更适合.这里的更适合我要给大家解释下。         1、更适合是 你非常了解一个框架 ，一定要注意不是因为你使用过 就一定更适合，因为只有你认证了解过 在', 1, '2018-06-27 20:00:33', 1330, '/index/picture/show/id/5.html', 0),
(6, 19, '老张博客留言模块新增获取浏览器版本等信息', '/uploads/images/20180706/c86b60f4b343f71d15e1434734219738.jpg', '{"1":"\\/uploads\\/images\\/20180706\\/c86b60f4b343f71d15e1434734219738.jpg"}', '<p>&nbsp;&nbsp;&nbsp;&nbsp;&nbsp;&nbsp;&nbsp;&nbsp;<span style="font-size: 18px;">老张博客，使用最新的ThinkPHP5系列+Layui前端框架编写。体验真的很不错，大神就是大神，没的说！推荐大家去试试。但是，正因为使用了这套源码建站，我还要从头开始接触layui调试代码，当中踩坑无数，一把心酸泪啊...</span><br/></p><p><br/></p><p>&nbsp;&nbsp;&nbsp;&nbsp;&nbsp;&nbsp;&nbsp;<span style="font-size: 18px;">&nbsp;闲话不多说，这篇教程的灵感是来源与很多zblog、emlog、wordpress等优秀博客框架源码的流行评论区而来的。经过修改，把它成功移植到了老张博客里。这里先贴出效果图，供大家了解！</span><img src="http://img.baidu.com/hi/jx2/j_0020.gif" width="41" height="39"/></p><p><img src="/ueditor/php/upload/image/20180706/1530871703192920.png" title="1530871703192920.png" alt="image.png" width="651" height="345"/></p><p>&nbsp;&nbsp;&nbsp;&nbsp;&nbsp;&nbsp;&nbsp;<span style="font-size: 18px;">&nbsp;OK，开始写教程了。其实很简单，以后我的博客教程不会太过于详细，因为我觉得很多“坑”还是应该踩踩的，不然怎么提高编码能力呢！（好吧，装逼到此为止，还是因为语言表达能力不够，哈哈...</span><img src="http://img.baidu.com/hi/jx2/j_0058.gif"/><span style="font-size: 18px;">）<br/></span></p><p><span style="font-size: 18px;"><br/></span></p><p><span style="font-size: 18px;">&nbsp;&nbsp;&nbsp;&nbsp;&nbsp;&nbsp;&nbsp;&nbsp;看过代码的人，对比过emblog的这篇教程后，会发现，其实很简单的。只需要重新规划下feedback表的结构即可，新增一个useragent字段存储每条评论的浏览器、系统所需要的信息即可。然后调取公共模型类common.php，里面写上方法即可。然后，在评论页面输出效果就好了...</span><img src="http://img.baidu.com/hi/jx2/j_0061.gif"/></p><p><br/></p><p><span style="font-size: 18px;">&nbsp;&nbsp;&nbsp;&nbsp;&nbsp;&nbsp;&nbsp;&nbsp;说完了思路，有了感觉的骚年们，可以去文末下载插件包尝试了，说不定很快就搞出来了。基础不太好的朋友，别急，跟我继续往下看吧！看完了，你就会发现真的很简单啊！</span><img src="http://img.baidu.com/hi/jx2/j_0002.gif" width="41" height="36"/></p><p><br/></p><p>&nbsp;&nbsp;&nbsp;&nbsp;&nbsp;&nbsp;&nbsp;<span style="font-size: 18px;"><strong>&nbsp;首先，为feedback表新增字段，useragent（名字自定义，我这里用这个演示），属性如图。</strong></span><br/></p><p style="text-align: left;"><img src="/ueditor/php/upload/image/20180706/1530872257620581.png" title="1530872257620581.png" alt="image.png"/></p><p style="text-align: left;"><br/></p><p style="text-align: left;">&nbsp;&nbsp;&nbsp;&nbsp;&nbsp;&nbsp;&nbsp;<strong><span style="font-size: 18px;">&nbsp;然后在common.php中新增方法，代码如下。（文件路径：application/common.php）</span></strong><br/></p><pre class="brush:php;toolbar:false">//获取评论用户操作系统、浏览器等信息\nfunction&nbsp;useragent($info){\n&nbsp;&nbsp;&nbsp;&nbsp;require_once&nbsp;&quot;extend/USERAGENT/useragent.class.php&quot;;\n&nbsp;&nbsp;&nbsp;&nbsp;$useragent&nbsp;=&nbsp;UserAgentFactory::analyze($info);\n&nbsp;&nbsp;&nbsp;&nbsp;$platform[&#39;image&#39;]=$useragent-&gt;platform[&#39;image&#39;];\n&nbsp;&nbsp;&nbsp;&nbsp;$browser[&#39;image&#39;]=$useragent-&gt;browser[&#39;image&#39;];\n&nbsp;&nbsp;&nbsp;&nbsp;$platform[&#39;title&#39;]=$useragent-&gt;platform[&#39;title&#39;];\n&nbsp;&nbsp;&nbsp;&nbsp;$browser[&#39;title&#39;]=$useragent-&gt;browser[&#39;title&#39;];\n?&gt;\n&lt;img&nbsp;src=&quot;__JASON__/static/images/&lt;?php&nbsp;echo&nbsp;$platform[&#39;image&#39;]?&gt;&quot;&nbsp;\ntitle=&quot;&lt;?php&nbsp;echo&nbsp;$platform[&#39;title&#39;];&nbsp;?&gt;&quot;&gt;&amp;nbsp;&amp;nbsp;\n&lt;img&nbsp;src=&quot;__JASON__/static/images/&lt;?php&nbsp;echo&nbsp;$browser[&#39;image&#39;]?&gt;&quot;&nbsp;\ntitle=&quot;&lt;?php&nbsp;echo&nbsp;$browser[&#39;title&#39;];&nbsp;?&gt;&quot;&gt;&amp;nbsp;\n&lt;?php\n}</pre><p>&nbsp;&nbsp;&nbsp;&nbsp;&nbsp;&nbsp;&nbsp;&nbsp;<img src="/ueditor/php/upload/image/20180706/1530872393470626.png" title="1530872393470626.png" alt="image.png" width="789" height="273"/></p><p>&nbsp;&nbsp;&nbsp;&nbsp;&nbsp;&nbsp;&nbsp;&nbsp;<span style="color: rgb(255, 0, 0); font-family: 微软雅黑, &quot;Microsoft YaHei&quot;; font-size: 18px;"><strong>img标签里的路径自己调试，我这里放到了<span style="font-family: 微软雅黑, &quot;Microsoft YaHei&quot;; font-size: 18px; color: rgb(112, 48, 160);">项目模版下的images</span>下面了。大家也可以参考这个路径，引入的<span style="font-family: 微软雅黑, &quot;Microsoft YaHei&quot;; font-size: 18px; color: rgb(79, 129, 189);">useragent.class.php</span>类我在<span style="font-family: 微软雅黑, &quot;Microsoft YaHei&quot;; font-size: 18px; color: rgb(79, 129, 189);">extend</span>下新建了<span style="font-family: 微软雅黑, &quot;Microsoft YaHei&quot;; font-size: 18px; color: rgb(79, 129, 189);">USERAGENT</span>目录存放下载包里的文件，里面的文件不要动。这里是最关键的一步，一定要细心，否则路径很大概率会报错！！！</strong></span></p><p><span style="color: rgb(255, 0, 0); font-family: 微软雅黑, &quot;Microsoft YaHei&quot;; font-size: 18px;"><strong><br/></strong></span></p><p><span style="color: rgb(255, 0, 0); font-family: 微软雅黑, &quot;Microsoft YaHei&quot;; font-size: 18px;"><strong>&nbsp;&nbsp;&nbsp;&nbsp;&nbsp;&nbsp;&nbsp;&nbsp;<span style="font-family: 微软雅黑, &quot;Microsoft YaHei&quot;; font-size: 18px; color: rgb(0, 0, 0);">第三步，在feedback控制器里的add方法中，利用系统变量获取到需要的字符串，存储到数据库中。代码贴下：&nbsp;</span></strong></span></p><pre class="brush:php;toolbar:false">$params[&#39;useragent&#39;]&nbsp;=&nbsp;$_SERVER[&#39;HTTP_USER_AGENT&#39;];</pre><p><span style="color: rgb(255, 0, 0); font-family: 微软雅黑, &quot;Microsoft YaHei&quot;; font-size: 18px;"><strong><span style="font-family: 微软雅黑, &quot;Microsoft YaHei&quot;; font-size: 18px; color: rgb(0, 0, 0);"></span></strong></span><span style="font-size: 18px;"><strong>（此处useragent必须与数据库新增字段一致，否则存储一定出错！）</strong></span></p><p><span style="font-size: 18px;"><strong><br/></strong></span></p><p><span style="color: rgb(255, 0, 0); font-family: 微软雅黑, &quot;Microsoft YaHei&quot;; font-size: 18px;"><strong>&nbsp;&nbsp;&nbsp;&nbsp;&nbsp;&nbsp;&nbsp;<span style="font-family: 微软雅黑, &quot;Microsoft YaHei&quot;; font-size: 18px; color: rgb(0, 0, 0);">&nbsp;最后一步，在<strong style="color: rgb(255, 0, 0); font-family: 微软雅黑, &quot;Microsoft YaHei&quot;; font-size: 18px; white-space: normal;">模版下</strong>feedback目录下的index.html文件中合适位置输出你要的效果就好了。直接传参数调取函数就可以实现！</span><br/></strong></span></p><pre class="brush:php;toolbar:false">&lt;?php&nbsp;echo&nbsp;useragent($vo[&#39;useragent&#39;]);?&gt;</pre><p><span style="color: rgb(255, 0, 0); font-family: 微软雅黑, &quot;Microsoft YaHei&quot;; font-size: 18px;"><strong><span style="font-family: 微软雅黑, &quot;Microsoft YaHei&quot;; font-size: 18px; color: rgb(0, 0, 0);"></span></strong></span>&nbsp;&nbsp;&nbsp;&nbsp;&nbsp;&nbsp;&nbsp;<span style="font-size: 18px; font-family: &quot;arial black&quot;, &quot;avant garde&quot;;"><em><strong>&nbsp;<span style="font-family: &quot;arial black&quot;, &quot;avant garde&quot;; font-size: 16px;">小伙伴们，学会了吗？不会的，评论里留言，我看到会回复大家的。遇到的bug也分享一下吧，一起进步哈！</span></strong></em></span><img src="http://img.baidu.com/hi/jx2/j_0028.gif"/></p><p><span style="color: rgb(255, 0, 0); font-family: 微软雅黑, &quot;Microsoft YaHei&quot;; font-size: 18px;"><strong><span style="font-family: 微软雅黑, &quot;Microsoft YaHei&quot;; font-size: 18px; color: rgb(0, 0, 0);"><br/></span></strong></span></p><p><span style="color: rgb(255, 0, 0); font-family: 微软雅黑, &quot;Microsoft YaHei&quot;; font-size: 18px;"><strong><span style="font-family: 微软雅黑, &quot;Microsoft YaHei&quot;; font-size: 18px; color: rgb(0, 0, 0);">附：插件包下载地址&nbsp;链接: <a href="https://pan.baidu.com/s/1XOnelYJuQWoi95uLr2CU6A" target="_blank" title="下载插件包（用于获取浏览器版本信息）">https://pan.baidu.com/s/1XOnelYJuQWoi95uLr2CU6A</a> 密码: xgj4</span></strong></span></p>', '老张博客，使用最新的ThinkPHP5系列+Layui前端框架编写。体验真的很不错，大神就是大神，没的说！推荐大家去试试。但是，正因为使用了这套源码建站，我还要从头开始接触layui调试代码，当中踩坑无数，一把心酸泪啊...        闲话不多说，这篇教程的灵感是来源与很多zblog、emlog、wordpress等优', 1, '2018-07-06 17:58:23', 51, '/index/picture/show/id/6.html', 0),
(7, 9, 'PHP博客里博文显示刚刚、几分钟前、几小时前...', '/uploads/images/20180709/835e3e7802a43dfd1bd4f707aabeb6ce.jpg', '{"1":"\\/uploads\\/images\\/20180709\\/835e3e7802a43dfd1bd4f707aabeb6ce.jpg"}', '<p>&nbsp;&nbsp;&nbsp;&nbsp;&nbsp;&nbsp;&nbsp;&nbsp;<strong><span style="font-family: 宋体, SimSun; font-size: 18px; color: rgb(0, 112, 192);">这个很简单，也不用说太多了，直接贴代码吧。当然，也可以将这个放到公共方法里，相应地方调用即可。相信大家看完了就会了，如果还有不会的，下面评论里问就可以了。</span></strong><span style="font-family: 宋体, SimSun; font-size: 18px;"><img src="http://img.baidu.com/hi/jx2/j_0010.gif"/></span></p><p><span style="font-family: 宋体, SimSun; font-size: 18px;"><br/></span></p><pre class="brush:php;toolbar:false">&lt;?php\n\n&nbsp;&nbsp;&nbsp;&nbsp;$nowtime&nbsp;=&nbsp;time();\n&nbsp;&nbsp;&nbsp;&nbsp;\n&nbsp;&nbsp;&nbsp;&nbsp;//$time=&quot;你的文章发表时间的时间戳&quot;;\n&nbsp;&nbsp;&nbsp;&nbsp;\n&nbsp;&nbsp;&nbsp;&nbsp;$difference&nbsp;=&nbsp;$nowtime&nbsp;-&nbsp;$time;\n\n&nbsp;&nbsp;&nbsp;&nbsp;switch&nbsp;($difference)&nbsp;{\n\n&nbsp;&nbsp;&nbsp;&nbsp;&nbsp;&nbsp;&nbsp;&nbsp;case&nbsp;$difference&nbsp;&lt;=&nbsp;&#39;60&#39;&nbsp;:\n&nbsp;&nbsp;&nbsp;&nbsp;&nbsp;&nbsp;&nbsp;&nbsp;&nbsp;&nbsp;&nbsp;&nbsp;echo&nbsp;$msg&nbsp;=&nbsp;&#39;刚刚&#39;;\n&nbsp;&nbsp;&nbsp;&nbsp;&nbsp;&nbsp;&nbsp;&nbsp;&nbsp;&nbsp;&nbsp;&nbsp;break;\n\n&nbsp;&nbsp;&nbsp;&nbsp;&nbsp;&nbsp;&nbsp;&nbsp;case&nbsp;$difference&nbsp;&gt;&nbsp;&#39;60&#39;&nbsp;&amp;&amp;&nbsp;$difference&nbsp;&lt;=&nbsp;&#39;3600&#39;&nbsp;:\n&nbsp;&nbsp;&nbsp;&nbsp;&nbsp;&nbsp;&nbsp;&nbsp;&nbsp;&nbsp;&nbsp;&nbsp;echo&nbsp;$msg&nbsp;=&nbsp;floor($difference&nbsp;/&nbsp;60)&nbsp;.&nbsp;&#39;分钟前&#39;;\n&nbsp;&nbsp;&nbsp;&nbsp;&nbsp;&nbsp;&nbsp;&nbsp;&nbsp;&nbsp;&nbsp;&nbsp;break;\n\n&nbsp;&nbsp;&nbsp;&nbsp;&nbsp;&nbsp;&nbsp;&nbsp;case&nbsp;$difference&nbsp;&gt;&nbsp;&#39;3600&#39;&nbsp;&amp;&amp;&nbsp;$difference&nbsp;&lt;=&nbsp;&#39;86400&#39;&nbsp;:\n&nbsp;&nbsp;&nbsp;&nbsp;&nbsp;&nbsp;&nbsp;&nbsp;&nbsp;&nbsp;&nbsp;&nbsp;echo&nbsp;$msg&nbsp;=&nbsp;floor($difference&nbsp;/&nbsp;3600)&nbsp;.&nbsp;&#39;小时前&#39;;\n&nbsp;&nbsp;&nbsp;&nbsp;&nbsp;&nbsp;&nbsp;&nbsp;&nbsp;&nbsp;&nbsp;&nbsp;break;\n\n&nbsp;&nbsp;&nbsp;&nbsp;&nbsp;&nbsp;&nbsp;&nbsp;case&nbsp;$difference&nbsp;&gt;&nbsp;&#39;86400&#39;&nbsp;&amp;&amp;&nbsp;$difference&nbsp;&lt;=&nbsp;&#39;2592000&#39;&nbsp;:\n&nbsp;&nbsp;&nbsp;&nbsp;&nbsp;&nbsp;&nbsp;&nbsp;&nbsp;&nbsp;&nbsp;&nbsp;echo&nbsp;$msg&nbsp;=&nbsp;floor($difference&nbsp;/&nbsp;86400)&nbsp;.&nbsp;&#39;天前&#39;;\n&nbsp;&nbsp;&nbsp;&nbsp;&nbsp;&nbsp;&nbsp;&nbsp;&nbsp;&nbsp;&nbsp;&nbsp;break;\n\n&nbsp;&nbsp;&nbsp;&nbsp;&nbsp;&nbsp;&nbsp;&nbsp;case&nbsp;$difference&nbsp;&gt;&nbsp;&#39;2592000&#39;&nbsp;&amp;&amp;&nbsp;&nbsp;$difference&nbsp;&lt;=&nbsp;&#39;7776000&#39;:\n&nbsp;&nbsp;&nbsp;&nbsp;&nbsp;&nbsp;&nbsp;&nbsp;&nbsp;&nbsp;&nbsp;&nbsp;echo&nbsp;$msg&nbsp;=&nbsp;floor($difference&nbsp;/&nbsp;2592000)&nbsp;.&nbsp;&#39;个月前&#39;;\n&nbsp;&nbsp;&nbsp;&nbsp;&nbsp;&nbsp;&nbsp;&nbsp;&nbsp;&nbsp;&nbsp;&nbsp;break;\n&nbsp;&nbsp;&nbsp;&nbsp;&nbsp;&nbsp;&nbsp;&nbsp;case&nbsp;$difference&nbsp;&gt;&nbsp;&#39;7776000&#39;:\n&nbsp;&nbsp;&nbsp;&nbsp;&nbsp;&nbsp;&nbsp;&nbsp;&nbsp;&nbsp;&nbsp;&nbsp;echo&nbsp;$msg&nbsp;=&nbsp;&#39;很久以前&#39;;\n&nbsp;&nbsp;&nbsp;&nbsp;&nbsp;&nbsp;&nbsp;&nbsp;&nbsp;&nbsp;&nbsp;&nbsp;break;\n&nbsp;&nbsp;&nbsp;&nbsp;}\n\n}\n?&gt;</pre><p><span style="font-family: 宋体, SimSun; font-size: 18px;"></span><br/></p>', '        这个很简单，也不用说太多了，直接贴代码吧。相信大家看完了就会了，如果还有不会的，下面评论里问就可以了。<?php\n\n    $nowtime = time();\n    \n    //$time="你的文章发表时间的时间戳";\n ', 1, '2018-07-09 16:37:22', 77, '/index/picture/show/id/7.html', 0),
(8, 11, '一款超级好用且很友好的弹框插件-sweetalert', '/uploads/images/20180709/13bd696a5f0f4d26db73c1488749fc70.jpg', '{"1":"\\/uploads\\/images\\/20180709\\/13bd696a5f0f4d26db73c1488749fc70.jpg"}', '<p>&nbsp;&nbsp;&nbsp;&nbsp;&nbsp;&nbsp;&nbsp;&nbsp;<span style="font-family: 微软雅黑, &quot;Microsoft YaHei&quot;; font-size: 18px;"><strong>非常不错的一款弹框插件，样式好看，使用简单。隆重推荐给大家，具体使用方法，移步到官网体验：</strong></span><a href="http://mishengqiang.com/sweetalert/" target="_blank" title="一款有趣、简洁的、漂亮的网页弹框插件" style="text-decoration: underline; font-family: 微软雅黑, &quot;Microsoft YaHei&quot;; font-size: 18px;"><span style="font-family: 微软雅黑, &quot;Microsoft YaHei&quot;; font-size: 18px;"><strong>Sweetalert</strong></span></a><span style="font-family: 微软雅黑, &quot;Microsoft YaHei&quot;; font-size: 18px;"><strong>.</strong></span><br/></p>', '非常不错的一款弹框插件，样式好看，使用简单。隆重推荐给大家，具体使用方法，移步到官网体验：Sweetalert.', 1, '2018-07-09 18:25:32', 41, '/index/picture/show/id/8.html', 0),
(9, 22, '如何让系统自动判断访问的是手机端还是PC端？', '/uploads/images/20180710/d90a07437d1e67bbafd88303e4e2ceca.png', '{"1":"\\/uploads\\/images\\/20180710\\/d90a07437d1e67bbafd88303e4e2ceca.png"}', '<p style="margin: 10px auto; padding: 0px; line-height: 1.5; font-size: 13px; font-family: Verdana, Arial, Helvetica, sans-serif; white-space: normal; background-color: rgb(254, 254, 242);"><span style="background-color: rgb(255, 255, 255);"><strong style="margin: 0px; padding: 0px;"><span style="background-color: rgb(255, 255, 255); margin: 0px; padding: 0px; line-height: 1.5; font-size: 14pt;">&nbsp;&nbsp;&nbsp;&nbsp;&nbsp;&nbsp;&nbsp;输入相同域名，在pc端和移动端会出现不同的页面效果，一种是用栅格系统实现自适应，</span></strong></span><strong style="margin: 0px; padding: 0px;"><span style="background-color: rgb(255, 255, 255); margin: 0px; padding: 0px; line-height: 1.5; font-size: 14pt;">更多的是设计两套不同的模板和两个二级域名或者一个主域名和一个二级域名（就是有区别就可以了）;</span></strong></p><p style="margin: 10px auto; padding: 0px; line-height: 1.5; font-size: 13px; font-family: Verdana, Arial, Helvetica, sans-serif; white-space: normal; background-color: rgb(254, 254, 242);"><strong style="margin: 0px; padding: 0px;"><span style="background-color: rgb(255, 255, 255); margin: 0px; padding: 0px; line-height: 1.5; font-size: 14pt;">&nbsp;&nbsp;&nbsp;&nbsp;&nbsp;&nbsp;&nbsp;&nbsp;那么，当访问PC域名时候，怎么让系统自动判断是手机访问还是电脑访问呢？如果是手机访问，让它自动重定向到手机域名即可。听起来很复杂，其实也简单，只要一段JS代码就可以实现。<img src="http://img.baidu.com/hi/jx2/j_0071.gif" width="51" height="46"/></span></strong></p><pre class="brush:js;toolbar:false">&lt;script&nbsp;type=&quot;text/javascript&quot;&gt;\n&nbsp;&nbsp;&nbsp;&nbsp;&nbsp;&nbsp;&nbsp;&nbsp;(function(){\n&nbsp;&nbsp;&nbsp;&nbsp;&nbsp;&nbsp;&nbsp;&nbsp;&nbsp;&nbsp;&nbsp;&nbsp;var&nbsp;ua&nbsp;=&nbsp;window.navigator.userAgent.toLowerCase();\n&nbsp;&nbsp;&nbsp;&nbsp;&nbsp;&nbsp;&nbsp;&nbsp;&nbsp;&nbsp;&nbsp;&nbsp;if&nbsp;(!(/Android|webOS|iPhone|iPad|iPod|BlackBerry|IEMobile|Opera&nbsp;Mini/i.test(navigator.userAgent)))&nbsp;{\n&nbsp;&nbsp;&nbsp;&nbsp;&nbsp;&nbsp;&nbsp;&nbsp;&nbsp;&nbsp;&nbsp;&nbsp;&nbsp;&nbsp;&nbsp;window.location.href&nbsp;=&nbsp;&quot;pc&nbsp;page（这里是PC域名）&quot;;\n&nbsp;&nbsp;&nbsp;&nbsp;&nbsp;&nbsp;&nbsp;&nbsp;&nbsp;&nbsp;&nbsp;&nbsp;}\n&nbsp;&nbsp;&nbsp;&nbsp;&nbsp;&nbsp;&nbsp;&nbsp;&nbsp;&nbsp;&nbsp;&nbsp;else&nbsp;if&nbsp;(ua.indexOf(&quot;iphone&quot;)&nbsp;&gt;&nbsp;0&nbsp;||&nbsp;ua.indexOf(&quot;android&quot;)&nbsp;&gt;&nbsp;0)&nbsp;{\n&nbsp;&nbsp;&nbsp;&nbsp;&nbsp;&nbsp;&nbsp;&nbsp;&nbsp;&nbsp;&nbsp;&nbsp;&nbsp;&nbsp;&nbsp;//window.location.href&nbsp;=&nbsp;&quot;（这里是移动端域名）&quot;;\n&nbsp;&nbsp;&nbsp;&nbsp;&nbsp;&nbsp;&nbsp;&nbsp;&nbsp;&nbsp;&nbsp;&nbsp;}\n&nbsp;&nbsp;&nbsp;&nbsp;&nbsp;&nbsp;&nbsp;&nbsp;&nbsp;&nbsp;&nbsp;&nbsp;}());\n&lt;/script&gt;</pre><p>&nbsp;&nbsp;&nbsp;&nbsp;&nbsp;&nbsp;&nbsp;&nbsp;</p><p style="margin: 10px auto; padding: 0px; line-height: 1.5; font-size: 13px; font-family: Verdana, Arial, Helvetica, sans-serif; white-space: normal; background-color: rgb(254, 254, 242);"><span style="margin: 0px; padding: 0px; line-height: 1.5; font-size: 14pt;"><strong style="margin: 0px; padding: 0px;">&nbsp;&nbsp;&nbsp;&nbsp;&nbsp;&nbsp;&nbsp;&nbsp;</strong><strong style="margin: 0px; padding: 0px;">这是写在移动端页面中的，pc端只需要将上面的跳转地址</strong><span style="margin: 0px; padding: 0px; line-height: 1.5; background-color: rgb(255, 204, 0);">window.location.href = &quot;<strong style="margin: 0px; padding: 0px;">pc page（这里是PC域名）</strong>&quot;</span>;</span></p><p style="margin: 10px auto; padding: 0px; line-height: 1.5; font-size: 13px; font-family: Verdana, Arial, Helvetica, sans-serif; white-space: normal; background-color: rgb(254, 254, 242);"><span style="margin: 0px; padding: 0px; line-height: 1.5; font-size: 14pt;"><strong style="margin: 0px; padding: 0px;">注释，下面的反注释</strong><strong style="margin: 0px; padding: 0px;"><span style="margin: 0px; padding: 0px; line-height: 1.5; background-color: rgb(255, 204, 0);">window.location.href = &quot;（这里是移动端域名）&quot;;</span></strong><strong style="margin: 0px; padding: 0px;">就可以了。同时这段代码需放在页面的公共部分，以避免</strong></span></p><p style="margin: 10px auto; padding: 0px; line-height: 1.5; font-size: 13px; font-family: Verdana, Arial, Helvetica, sans-serif; white-space: normal; background-color: rgb(254, 254, 242);"><span style="margin: 0px; padding: 0px; line-height: 1.5; font-size: 14pt;"><strong style="margin: 0px; padding: 0px;">页面内容的加载而浪费流量等！</strong></span></p><p style="margin: 10px auto; padding: 0px; line-height: 1.5; font-size: 13px; font-family: Verdana, Arial, Helvetica, sans-serif; white-space: normal; background-color: rgb(254, 254, 242);"><span style="margin: 0px; padding: 0px; line-height: 1.5; font-size: 14pt;"><strong style="margin: 0px; padding: 0px;">&nbsp;&nbsp;&nbsp;&nbsp;&nbsp;&nbsp;&nbsp;&nbsp;这种方法其实还有有个小小的弊端的，那就是一旦加了这段代码，您的PC网站就不能在手机上访问了，原因很简单，不用说都懂。如果有什么好的办法，可以评论告诉我哦，一起学习下<img src="http://img.baidu.com/hi/jx2/j_0002.gif" width="45" height="45"/></strong></span></p><p><br/></p>', '输入相同域名，在pc端和移动端会出现不同的页面效果，一种是用栅格系统实现自适应，更多的是设计两套不同的模板和两个二级域名或者一个主域名和一个二级域名（就是有区别就可以了）;  那么，当访问PC域名时候，怎么让系统自动判断是手机访问还是电脑访问呢？如果是手机访问，让它自动重定向到手机域名即可。听起来很复杂，其实也简单，只要一', 1, '2018-07-10 09:08:54', 67, '/index/picture/show/id/9.html', 0),
(10, 20, '林纳克斯下配置阿帕奇多站点访问-小案例', '/uploads/images/20180710/529ecbba53a7d9346eff8f40486058fd.jpg', '{"1":"\\/uploads\\/images\\/20180710\\/529ecbba53a7d9346eff8f40486058fd.jpg"}', '<p style="margin: 10px auto; padding: 0px; line-height: 1.5; font-size: 13px; font-family: Verdana, Arial, Helvetica, sans-serif; white-space: normal; background-color: rgb(254, 254, 242);"><span style="color: rgb(255, 255, 255);"><strong style="margin: 0px; padding: 0px;"><span style="margin: 0px; padding: 0px; line-height: 1.5; font-size: 16px;">一级</span></strong></span><span style="color: rgb(255, 255, 255);"><strong style="margin: 0px; padding: 0px;"><span style="margin: 0px; padding: 0px; line-height: 1.5; color: rgb(136, 136, 136); font-size: 16px;">二级域名（image.baidu.com）是一级域名的延伸，所以只要购买了一级域名，二级域名是可以任意配置的。</span></strong></span><strong style="color: rgb(255, 255, 255); margin: 0px; padding: 0px;"><span style="margin: 0px; padding: 0px; line-height: 1.5; color: rgb(136, 136, 136); font-size: 16px;">其实（www.baidu.com）也是二级域名，只是大家已经习惯使用www为前缀的二级域名作为网站的主域名而已。</span></strong><strong style="color: rgb(255, 255, 255); margin: 0px; padding: 0px;"><span style="margin: 0px; padding: 0px; line-height: 1.5; color: rgb(136, 136, 136); font-size: 16px;">通过DNS解析服务商，可以为每个二级域名绑定不同的主机IP，这样即使只有一个主域名也可以架设多个网站了。</span></strong><strong style="color: rgb(255, 255, 255); margin: 0px; padding: 0px;"><span style="margin: 0px; padding: 0px; line-height: 1.5; color: rgb(136, 136, 136); font-size: 16px;">如果你只有一台主机，并且要在上面建立多个项目，还得通过子域名的方式访问，那么你需要配置 Apache 才行。</span></strong></p><p style="margin: 10px auto; padding: 0px; line-height: 1.5; font-size: 13px; font-family: Verdana, Arial, Helvetica, sans-serif; white-space: normal; background-color: rgb(254, 254, 242);"><span style="margin: 0px; padding: 0px; line-height: 1.5; font-family: 宋体, SimSun; font-size: 18px; color: rgb(0, 112, 192);"><strong style="margin: 0px; padding: 0px;">（下面这一小段大牛就不用看了，班门弄斧了。）</strong></span></p><p style="margin: 10px auto; padding: 0px; line-height: 1.5; font-size: 13px; font-family: Verdana, Arial, Helvetica, sans-serif; white-space: normal; background-color: rgb(254, 254, 242);"><span style="font-size: 18px; color: rgb(127, 127, 127);"><span style="font-size: 18px; margin: 0px; padding: 0px; line-height: 1.5; font-family: 宋体, SimSun;">&nbsp;&nbsp;&nbsp;&nbsp;简单说，就是你注册购买了一个域名（</span>www.changnew.top）后，并且解析到了你的服务器ip。但是，你想要在这台服务器上，再放置一个项目，然后通过（video.changnew.top）访问，这就是二级域名的来来历！网上不少教程，但是有些很啰嗦，有些甚至是错误的。今天，终于搞出来了，特别写此篇记录和分享给大家</span><span style="font-size: 18px;">。</span></p><p><span style="color: rgb(255, 0, 0);"><strong><span style="font-family: 宋体, SimSun; font-size: 18px;"><br/></span></strong></span></p><p><span style="color: rgb(255, 0, 0);"><strong><span style="font-family: 宋体, SimSun; font-size: 18px;">首先，登陆阿里云服务器，把我的二级域名也解析到同一台服务器上，也就是记录值必须是同一个IP.</span></strong></span></p><p style="text-align:center"><img src="/ueditor/php/upload/image/20180710/1531186896965790.png" title="1531186896965790.png" alt="1283617-20180327114405407-1721862459.png" width="974" height="309"/></p><p><span style="color: rgb(255, 0, 0);"><strong style="margin: 0px; padding: 0px; font-family: Verdana, Arial, Helvetica, sans-serif; font-size: 13px; white-space: normal; background-color: rgb(254, 254, 242);"><span style="margin: 0px; padding: 0px; line-height: 1.5; font-size: 18px;">添加完了后，测试下成功了没。打开电脑的命令行ping一下域名，如果两个域名访问的ip一样的，那就第一步成功了！</span></strong></span></p><p><span style="color: rgb(255, 0, 0);"><strong style="margin: 0px; padding: 0px; font-family: Verdana, Arial, Helvetica, sans-serif; font-size: 13px; white-space: normal; background-color: rgb(254, 254, 242);"><span style="margin: 0px; padding: 0px; line-height: 1.5; font-size: 18px;"><img src="/ueditor/php/upload/image/20180710/1531186946669285.png" title="1531186946669285.png" alt="1283617-20180327114729007-1611774862.png"/></span></strong></span></p><p><br/></p><p style="margin: 10px auto; padding: 0px; line-height: 1.5; font-size: 13px; font-family: Verdana, Arial, Helvetica, sans-serif; white-space: normal; background-color: rgb(254, 254, 242);"><span style="margin: 0px; padding: 0px; line-height: 1.5; font-size: 18px; color: rgb(255, 0, 0);"><strong style="margin: 0px; padding: 0px;">接下来，就是重点了。现在，连个域名都可以指向自己的服务器了。那么，服务器需要怎么区分访问的是哪个项目呢？</strong></span></p><p style="margin: 10px auto; padding: 0px; line-height: 1.5; font-size: 13px; font-family: Verdana, Arial, Helvetica, sans-serif; white-space: normal; background-color: rgb(254, 254, 242);"><span style="margin: 0px; padding: 0px; line-height: 1.5; font-size: 18px;"><strong style="margin: 0px; padding: 0px;"><span style="margin: 0px; padding: 0px; line-height: 1.5; color: rgb(0, 128, 0);">打开服务器命令行，找到httpd.conf文件，vi编辑一下，找到这行代码：</span></strong></span></p><pre class="brush:php;toolbar:false">#&nbsp;Virtual&nbsp;hosts\n#&nbsp;Include&nbsp;conf/extra/httpd-vhosts.conf</pre><p style="margin: 10px auto; padding: 0px; line-height: 1.5; font-size: 13px; font-family: Verdana, Arial, Helvetica, sans-serif; white-space: normal; background-color: rgb(254, 254, 242);"><span style="margin: 0px; padding: 0px; line-height: 1.5; font-size: 18px;"><strong style="margin: 0px; padding: 0px;"><span style="margin: 0px; padding: 0px; line-height: 1.5; color: rgb(0, 128, 0);">把Include前面的#注释去掉，然后找到<span style="margin: 0px; padding: 0px; line-height: 1.5; font-size: 14pt; font-family: &quot;courier new&quot;, courier; color: rgb(0, 0, 255);">httpd-vhosts.conf</span>文件，vi编辑下。</span></strong></span></p><p style="margin: 10px auto; padding: 0px; line-height: 1.5; font-size: 13px; font-family: Verdana, Arial, Helvetica, sans-serif; white-space: normal; background-color: rgb(254, 254, 242);"><span style="margin: 0px; padding: 0px; line-height: 1.5; font-size: 18px;"><strong style="margin: 0px; padding: 0px;"><span style="margin: 0px; padding: 0px; line-height: 1.5; color: rgb(0, 128, 0);">复制一份下面这段代码（具体路径肯定不一样，以自己的为准），放到它的后面即可。</span></strong></span></p><pre class="brush:php;toolbar:false">&lt;VirtualHost&nbsp;*:80&gt;\nServerAdmin&nbsp;webmaster@example.com\n#php_admin_value&nbsp;open_basedir&nbsp;&quot;/home/wwwroot/default:/tmp/:/var/tmp/:/proc/&quot;\nDocumentRoot&nbsp;&quot;/home/wwwroot/default&quot;\nServerName&nbsp;www.lnmp.org\nErrorLog&nbsp;&quot;/home/wwwlogs/IP-error_log&quot;\nCustomLog&nbsp;&quot;/home/wwwlogs/IP-access_log&quot;&nbsp;combined\n&lt;Directory&nbsp;&quot;/home/wwwroot/default&quot;&gt;\n&nbsp;&nbsp;&nbsp;&nbsp;SetOutputFilter&nbsp;DEFLATE\n&nbsp;&nbsp;&nbsp;&nbsp;Options&nbsp;FollowSymLinks\n&nbsp;&nbsp;&nbsp;&nbsp;AllowOverride&nbsp;All\n&nbsp;&nbsp;&nbsp;&nbsp;Order&nbsp;allow,deny\n&nbsp;&nbsp;&nbsp;&nbsp;Allow&nbsp;from&nbsp;all\n&nbsp;&nbsp;&nbsp;&nbsp;DirectoryIndex&nbsp;index.html&nbsp;index.php\n&lt;/Directory&gt;\n&lt;/virtualHost&gt;</pre><p><strong style="margin: 0px; padding: 0px; font-family: Verdana, Arial, Helvetica, sans-serif; font-size: 18px; white-space: normal; background-color: rgb(254, 254, 242);"><span style="margin: 0px; padding: 0px; line-height: 1.5; color: rgb(51, 153, 102);">在刚复制的这份代码，修改下面红色部分即可。</span></strong></p><pre class="brush:php;toolbar:false">&lt;VirtualHost&nbsp;*:80&gt;\nServerAdmin&nbsp;webmaster@example.com\n#php_admin_value&nbsp;open_basedir&nbsp;&quot;/home/wwwroot/default:/tmp/:/var/tmp/:/proc/&quot;\nDocumentRoot&nbsp;&quot;/home/wwwroot/default/video&quot;（二级域名指向的项目文件夹或文件）\nServerName&nbsp;video.changnew.top（自己的二级域名）\nErrorLog&nbsp;&quot;/home/wwwlogs/IP-error_log&quot;\nCustomLog&nbsp;&quot;/home/wwwlogs/IP-access_log&quot;&nbsp;combined\n&lt;Directory&nbsp;&quot;/home/wwwroot/default/video&quot;&gt;\n&nbsp;&nbsp;&nbsp;&nbsp;SetOutputFilter&nbsp;DEFLATE\n&nbsp;&nbsp;&nbsp;&nbsp;Options&nbsp;FollowSymLinks\n&nbsp;&nbsp;&nbsp;&nbsp;AllowOverride&nbsp;All\n&nbsp;&nbsp;&nbsp;&nbsp;Order&nbsp;allow,deny\n&nbsp;&nbsp;&nbsp;&nbsp;Allow&nbsp;from&nbsp;all\n&nbsp;&nbsp;&nbsp;&nbsp;DirectoryIndex&nbsp;index.html&nbsp;index.php\n&lt;/Directory&gt;\n&lt;/VirtualHost&gt;</pre><p><strong style="margin: 0px; padding: 0px; font-family: Verdana, Arial, Helvetica, sans-serif; font-size: 13px; white-space: normal; background-color: rgb(254, 254, 242);"><span style="margin: 0px; padding: 0px; line-height: 1.5; font-size: 18px;"><span style="color:#339966"></span></span></strong><strong style="margin: 0px; padding: 0px; color: rgb(0, 0, 255); font-family: Verdana, Arial, Helvetica, sans-serif; font-size: 13px; white-space: normal; background-color: rgb(254, 254, 242);"><span style="margin: 0px; padding: 0px; line-height: 1.5; font-size: 18px; font-family: 幼圆;">重启apache后，在浏览器上访问即可！如果没成功，欢迎到下面留言，一起来探讨。<img src="http://img.baidu.com/hi/jx2/j_0042.gif"/></span></strong></p>', '一级域名（baidu.com）也叫作顶级域名，注册一级域名是需要付费的。而二级域名（image.baidu.com）是一级域名的延伸，所以只要购买了一级域名，二级域名是可以任意配置的。（www.baidu.com）也是二级域名，只是大家已经习惯使用www为前缀的二级域名作为网站的主域名而已。通过DNS解析服务商，可以为每个二级域名绑定不同的主机IP，这样即使只有一个主域名也可以架设多个网站了。如果你只有一台主机，并且要在上面建立多个项目，还得通过子域名的方式访问，那么你需要配置 Apache', 1, '2018-07-10 09:35:36', 67, '/index/picture/show/id/10.html', 0);
INSERT INTO `lz_picture` (`id`, `category_id`, `title`, `image_url`, `images`, `content`, `description`, `is_recommend`, `create_time`, `hits`, `url`, `is_top`) VALUES
(11, 25, '我不是药神：除却生死无大事', '/uploads/images/20180710/92679318fc3fab63311c6a58f040ac83.jpg', '{"1":"\\/uploads\\/images\\/20180710\\/92679318fc3fab63311c6a58f040ac83.jpg"}', '<blockquote><p><br/></p><p><span style="color: rgb(255, 0, 0);"><span style="font-family: 宋体, SimSun; font-size: 16px;"><strong style="margin: 0px; padding: 0px; max-width: 100%; color: rgb(89, 89, 89); font-family: -apple-system-font, BlinkMacSystemFont, &quot;Helvetica Neue&quot;, &quot;PingFang SC&quot;, &quot;Hiragino Sans GB&quot;, &quot;Microsoft YaHei UI&quot;, &quot;Microsoft YaHei&quot;, Arial, sans-serif; font-size: 13px; letter-spacing: 1px; text-align: justify; white-space: normal; background-color: rgb(255, 255, 255); box-sizing: border-box !important; word-wrap: break-word !important;">用尽全力活着这件事，从来都没有错</strong></span><strong style="margin: 0px; padding: 0px; max-width: 100%; color: rgb(89, 89, 89); font-family: -apple-system-font, BlinkMacSystemFont, &quot;Helvetica Neue&quot;, &quot;PingFang SC&quot;, &quot;Hiragino Sans GB&quot;, &quot;Microsoft YaHei UI&quot;, &quot;Microsoft YaHei&quot;, Arial, sans-serif; font-size: 13px; letter-spacing: 1px; text-align: justify; background-color: rgb(255, 255, 255); box-sizing: border-box !important; word-wrap: break-word !important;">。</strong><strong style="margin: 0px; padding: 0px; max-width: 100%; color: rgb(89, 89, 89); font-family: -apple-system-font, BlinkMacSystemFont, &quot;Helvetica Neue&quot;, &quot;PingFang SC&quot;, &quot;Hiragino Sans GB&quot;, &quot;Microsoft YaHei UI&quot;, &quot;Microsoft YaHei&quot;, Arial, sans-serif; font-size: 13px; letter-spacing: 1px; text-align: justify; background-color: rgb(255, 255, 255); box-sizing: border-box !important; word-wrap: break-word !important;"></strong></span></p><p><span style="font-family: 宋体, SimSun; font-size: 18px; background-color: rgb(255, 255, 255); color: rgb(51, 51, 51); letter-spacing: 1px; text-align: justify;"><br/></span></p><p><strong><span style="font-family: 宋体, SimSun; font-size: 18px; background-color: rgb(255, 255, 255); color: rgb(51, 51, 51); letter-spacing: 1px; text-align: justify;">最近朋友圈被《我不是药神》这部电影刷爆。</span><span style="font-family: 宋体, SimSun; font-size: 18px; background-color: rgb(255, 255, 255); color: rgb(51, 51, 51); letter-spacing: 1px; text-align: justify; margin: 0px; padding: 0px; max-width: 100%; box-sizing: border-box !important; word-wrap: break-word !important;">血淋淋的真实在眼前撕裂开来，</span><span style="font-family: 宋体, SimSun; font-size: 18px; background-color: rgb(255, 255, 255); color: rgb(51, 51, 51); letter-spacing: 1px; text-align: justify;">上映一天直接破3亿的成绩！</span></strong></p><p><span style="font-family: 宋体, SimSun; font-size: 18px; background-color: rgb(255, 255, 255); color: rgb(51, 51, 51); letter-spacing: 1px; text-align: justify;"><br/></span></p><p><br/></p><p style="margin-top: 0px; margin-bottom: 0px; padding: 0px; max-width: 100%; box-sizing: border-box; clear: both; min-height: 1em; color: rgb(160, 160, 160); font-family: -apple-system-font, BlinkMacSystemFont, &quot;Helvetica Neue&quot;, &quot;PingFang SC&quot;, &quot;Hiragino Sans GB&quot;, &quot;Microsoft YaHei UI&quot;, &quot;Microsoft YaHei&quot;, Arial, sans-serif; font-size: 15px; letter-spacing: 1px; text-align: justify; white-space: normal; background-color: rgb(255, 255, 255); word-wrap: break-word !important;"><span style="margin: 0px; padding: 0px; max-width: 100%; box-sizing: border-box !important; word-wrap: break-word !important;">那个父亲因为血管瘤急等着他救命钱，被迫走上“走私仿制药”最后完成救赎和自我救赎的程勇……</span></p><p style="margin-top: 0px; margin-bottom: 0px; padding: 0px; max-width: 100%; box-sizing: border-box; clear: both; min-height: 1em; color: rgb(160, 160, 160); font-family: -apple-system-font, BlinkMacSystemFont, &quot;Helvetica Neue&quot;, &quot;PingFang SC&quot;, &quot;Hiragino Sans GB&quot;, &quot;Microsoft YaHei UI&quot;, &quot;Microsoft YaHei&quot;, Arial, sans-serif; font-size: 15px; letter-spacing: 1px; text-align: justify; white-space: normal; background-color: rgb(255, 255, 255); word-wrap: break-word !important;"><br/></p><p style="margin-top: 0px; margin-bottom: 0px; padding: 0px; max-width: 100%; box-sizing: border-box; clear: both; min-height: 1em; color: rgb(160, 160, 160); font-family: -apple-system-font, BlinkMacSystemFont, &quot;Helvetica Neue&quot;, &quot;PingFang SC&quot;, &quot;Hiragino Sans GB&quot;, &quot;Microsoft YaHei UI&quot;, &quot;Microsoft YaHei&quot;, Arial, sans-serif; font-size: 15px; letter-spacing: 1px; text-align: justify; white-space: normal; background-color: rgb(255, 255, 255); word-wrap: break-word !important;"><span style="margin: 0px; padding: 0px; max-width: 100%; box-sizing: border-box !important; word-wrap: break-word !important;">那个哭诉着“我吃了三年的药，吃掉了房子，吃垮了家人”努力想要活下去的老奶奶……</span></p><p style="margin-top: 0px; margin-bottom: 0px; padding: 0px; max-width: 100%; box-sizing: border-box; clear: both; min-height: 1em; color: rgb(160, 160, 160); font-family: -apple-system-font, BlinkMacSystemFont, &quot;Helvetica Neue&quot;, &quot;PingFang SC&quot;, &quot;Hiragino Sans GB&quot;, &quot;Microsoft YaHei UI&quot;, &quot;Microsoft YaHei&quot;, Arial, sans-serif; font-size: 15px; letter-spacing: 1px; text-align: justify; white-space: normal; background-color: rgb(255, 255, 255); word-wrap: break-word !important;"><br/></p><p style="margin-top: 0px; margin-bottom: 0px; padding: 0px; max-width: 100%; box-sizing: border-box; clear: both; min-height: 1em; color: rgb(160, 160, 160); font-family: -apple-system-font, BlinkMacSystemFont, &quot;Helvetica Neue&quot;, &quot;PingFang SC&quot;, &quot;Hiragino Sans GB&quot;, &quot;Microsoft YaHei UI&quot;, &quot;Microsoft YaHei&quot;, Arial, sans-serif; font-size: 15px; letter-spacing: 1px; text-align: justify; white-space: normal; background-color: rgb(255, 255, 255); word-wrap: break-word !important;">那个被呐喊着“他才20岁，他想活着，有什么错？”却倒在血泊里的黄毛……</p><p><span style="font-family: 宋体, SimSun; font-size: 18px; background-color: rgb(255, 255, 255); color: rgb(51, 51, 51); letter-spacing: 1px; text-align: justify;"><br/></span></p><hr/><p><strong style="margin: 0px; padding: 0px; max-width: 100%; color: rgb(89, 89, 89); font-family: -apple-system-font, BlinkMacSystemFont, &quot;Helvetica Neue&quot;, &quot;PingFang SC&quot;, &quot;Hiragino Sans GB&quot;, &quot;Microsoft YaHei UI&quot;, &quot;Microsoft YaHei&quot;, Arial, sans-serif; font-size: 13px; letter-spacing: 1px; text-align: justify; background-color: rgb(255, 255, 255); box-sizing: border-box !important; word-wrap: break-word !important;"><br/></strong></p><p><strong style="margin: 0px; padding: 0px; max-width: 100%; color: rgb(89, 89, 89); font-family: -apple-system-font, BlinkMacSystemFont, &quot;Helvetica Neue&quot;, &quot;PingFang SC&quot;, &quot;Hiragino Sans GB&quot;, &quot;Microsoft YaHei UI&quot;, &quot;Microsoft YaHei&quot;, Arial, sans-serif; font-size: 13px; letter-spacing: 1px; text-align: justify; background-color: rgb(255, 255, 255); box-sizing: border-box !important; word-wrap: break-word !important;"><img src="/ueditor/php/upload/image/20180710/1531204834747924.jpg" title="1531204834747924.jpg" alt="005Mb6mcgy1fszydbe2vzj30hs0bv3z0.jpg"/></strong></p><p><strong style="margin: 0px; padding: 0px; max-width: 100%; color: rgb(89, 89, 89); font-family: -apple-system-font, BlinkMacSystemFont, &quot;Helvetica Neue&quot;, &quot;PingFang SC&quot;, &quot;Hiragino Sans GB&quot;, &quot;Microsoft YaHei UI&quot;, &quot;Microsoft YaHei&quot;, Arial, sans-serif; font-size: 13px; letter-spacing: 1px; text-align: justify; background-color: rgb(255, 255, 255); box-sizing: border-box !important; word-wrap: break-word !important;"><br/></strong><strong style="margin: 0px; padding: 0px; max-width: 100%; box-sizing: border-box; color: rgb(51, 51, 51); font-family: -apple-system-font, BlinkMacSystemFont, &quot;Helvetica Neue&quot;, &quot;PingFang SC&quot;, &quot;Hiragino Sans GB&quot;, &quot;Microsoft YaHei UI&quot;, &quot;Microsoft YaHei&quot;, Arial, sans-serif; font-size: 15px; letter-spacing: 1px; text-align: justify; white-space: normal; background-color: rgb(255, 255, 255); word-wrap: break-word !important;">每一个人都想活着，想用尽全力地好好活着。活着，没有错。生命只有一次，疾病却难预防...</strong></p><p><strong style="margin: 0px; padding: 0px; max-width: 100%; box-sizing: border-box; color: rgb(51, 51, 51); font-family: -apple-system-font, BlinkMacSystemFont, &quot;Helvetica Neue&quot;, &quot;PingFang SC&quot;, &quot;Hiragino Sans GB&quot;, &quot;Microsoft YaHei UI&quot;, &quot;Microsoft YaHei&quot;, Arial, sans-serif; font-size: 15px; letter-spacing: 1px; text-align: justify; white-space: normal; background-color: rgb(255, 255, 255); word-wrap: break-word !important;"><br/></strong></p><p><br/></p><p style="margin-top: 0px; margin-bottom: 0px; padding: 0px; max-width: 100%; box-sizing: border-box; clear: both; min-height: 1em; color: rgb(51, 51, 51); font-family: -apple-system-font, BlinkMacSystemFont, &quot;Helvetica Neue&quot;, &quot;PingFang SC&quot;, &quot;Hiragino Sans GB&quot;, &quot;Microsoft YaHei UI&quot;, &quot;Microsoft YaHei&quot;, Arial, sans-serif; font-size: 15px; letter-spacing: 1px; text-align: justify; white-space: normal; background-color: rgb(255, 255, 255); word-wrap: break-word !important;"><span style="margin: 0px; padding: 0px; max-width: 100%; box-sizing: border-box !important; word-wrap: break-word !important;">陆勇在34岁时，查出患有慢性粒细胞白血病，他吃了两年的抗癌药，花费56.4万元。</span></p><p style="margin-top: 0px; margin-bottom: 0px; padding: 0px; max-width: 100%; box-sizing: border-box; clear: both; min-height: 1em; color: rgb(51, 51, 51); font-family: -apple-system-font, BlinkMacSystemFont, &quot;Helvetica Neue&quot;, &quot;PingFang SC&quot;, &quot;Hiragino Sans GB&quot;, &quot;Microsoft YaHei UI&quot;, &quot;Microsoft YaHei&quot;, Arial, sans-serif; font-size: 15px; letter-spacing: 1px; text-align: justify; white-space: normal; background-color: rgb(255, 255, 255); word-wrap: break-word !important;"><br/></p><p style="margin-top: 0px; margin-bottom: 0px; padding: 0px; max-width: 100%; box-sizing: border-box; clear: both; min-height: 1em; color: rgb(51, 51, 51); font-family: -apple-system-font, BlinkMacSystemFont, &quot;Helvetica Neue&quot;, &quot;PingFang SC&quot;, &quot;Hiragino Sans GB&quot;, &quot;Microsoft YaHei UI&quot;, &quot;Microsoft YaHei&quot;, Arial, sans-serif; font-size: 15px; letter-spacing: 1px; text-align: justify; white-space: normal; background-color: rgb(255, 255, 255); word-wrap: break-word !important;">电影《我不是药神》是根据他的真实事件改变，可和影片不一样的是：仿制药这件事，从头至尾都不是为了盈利</p><p><br/></p><p><img src="/ueditor/php/upload/image/20180710/1531203715774354.png" title="1531203715774354.png" alt="640.png" width="623" height="324"/></p><p><br/></p><p style="margin-top: 0px; margin-bottom: 0px; padding: 0px; max-width: 100%; box-sizing: border-box; clear: both; min-height: 1em; color: rgb(51, 51, 51); font-family: -apple-system-font, BlinkMacSystemFont, &quot;Helvetica Neue&quot;, &quot;PingFang SC&quot;, &quot;Hiragino Sans GB&quot;, &quot;Microsoft YaHei UI&quot;, &quot;Microsoft YaHei&quot;, Arial, sans-serif; font-size: 15px; letter-spacing: 1px; text-align: justify; white-space: normal; background-color: rgb(255, 255, 255); word-wrap: break-word !important;">当他了解到印度生产的仿制抗癌药价格低廉又疗效相当的时候，他开始进行代购并且帮助与他有类似经历的白血病患者。</p><p style="margin-top: 0px; margin-bottom: 0px; padding: 0px; max-width: 100%; box-sizing: border-box; clear: both; min-height: 1em; color: rgb(51, 51, 51); font-family: -apple-system-font, BlinkMacSystemFont, &quot;Helvetica Neue&quot;, &quot;PingFang SC&quot;, &quot;Hiragino Sans GB&quot;, &quot;Microsoft YaHei UI&quot;, &quot;Microsoft YaHei&quot;, Arial, sans-serif; font-size: 15px; letter-spacing: 1px; text-align: justify; white-space: normal; background-color: rgb(255, 255, 255); word-wrap: break-word !important;">&nbsp;</p><p style="margin-top: 0px; margin-bottom: 0px; padding: 0px; max-width: 100%; box-sizing: border-box; clear: both; min-height: 1em; color: rgb(51, 51, 51); font-family: -apple-system-font, BlinkMacSystemFont, &quot;Helvetica Neue&quot;, &quot;PingFang SC&quot;, &quot;Hiragino Sans GB&quot;, &quot;Microsoft YaHei UI&quot;, &quot;Microsoft YaHei&quot;, Arial, sans-serif; font-size: 15px; letter-spacing: 1px; text-align: justify; white-space: normal; background-color: rgb(255, 255, 255); word-wrap: break-word !important;">可他也因此被捕，<span style="margin: 0px; padding: 0px; max-width: 100%; box-sizing: border-box !important; word-wrap: break-word !important;">1002名癌症患者在联名信上签字为他声援，他重获自由。</span>因为他从头到尾做的是救赎，救自己，救别人。</p><p style="margin-top: 0px; margin-bottom: 0px; padding: 0px; max-width: 100%; box-sizing: border-box; clear: both; min-height: 1em; color: rgb(51, 51, 51); font-family: -apple-system-font, BlinkMacSystemFont, &quot;Helvetica Neue&quot;, &quot;PingFang SC&quot;, &quot;Hiragino Sans GB&quot;, &quot;Microsoft YaHei UI&quot;, &quot;Microsoft YaHei&quot;, Arial, sans-serif; font-size: 15px; letter-spacing: 1px; text-align: justify; white-space: normal; background-color: rgb(255, 255, 255); word-wrap: break-word !important;">&nbsp;</p><p style="margin-top: 0px; margin-bottom: 0px; padding: 0px; max-width: 100%; box-sizing: border-box; clear: both; min-height: 1em; color: rgb(51, 51, 51); font-family: -apple-system-font, BlinkMacSystemFont, &quot;Helvetica Neue&quot;, &quot;PingFang SC&quot;, &quot;Hiragino Sans GB&quot;, &quot;Microsoft YaHei UI&quot;, &quot;Microsoft YaHei&quot;, Arial, sans-serif; font-size: 15px; letter-spacing: 1px; text-align: justify; white-space: normal; background-color: rgb(255, 255, 255); word-wrap: break-word !important;"><strong style="margin: 0px; padding: 0px; max-width: 100%; box-sizing: border-box; word-wrap: break-word !important;">不生一场大病的话，你永远不会明白。<strong style="margin: 0px; padding: 0px; max-width: 100%; box-sizing: border-box; word-wrap: break-word !important;">活着到底有多难？</strong></strong></p><p style="margin-top: 0px; margin-bottom: 0px; padding: 0px; max-width: 100%; box-sizing: border-box; clear: both; min-height: 1em; color: rgb(51, 51, 51); font-family: -apple-system-font, BlinkMacSystemFont, &quot;Helvetica Neue&quot;, &quot;PingFang SC&quot;, &quot;Hiragino Sans GB&quot;, &quot;Microsoft YaHei UI&quot;, &quot;Microsoft YaHei&quot;, Arial, sans-serif; font-size: 15px; letter-spacing: 1px; text-align: justify; white-space: normal; background-color: rgb(255, 255, 255); word-wrap: break-word !important;"><strong style="margin: 0px; padding: 0px; max-width: 100%; box-sizing: border-box; word-wrap: break-word !important;"><br/></strong></p><p style="margin-top: 0px; margin-bottom: 0px; padding: 0px; max-width: 100%; box-sizing: border-box; clear: both; min-height: 1em; color: rgb(51, 51, 51); font-family: -apple-system-font, BlinkMacSystemFont, &quot;Helvetica Neue&quot;, &quot;PingFang SC&quot;, &quot;Hiragino Sans GB&quot;, &quot;Microsoft YaHei UI&quot;, &quot;Microsoft YaHei&quot;, Arial, sans-serif; font-size: 15px; letter-spacing: 1px; text-align: justify; white-space: normal; background-color: rgb(255, 255, 255); word-wrap: break-word !important;"><strong style="margin: 0px; padding: 0px; max-width: 100%; box-sizing: border-box; word-wrap: break-word !important;">你会发现：在钱面前，可以做任何事，在命面前，可以付出所有的钱。</strong></p><p><br/></p><section><section><section><section><section><section><p style="margin-top: 0px; margin-bottom: 0px; padding: 0px; max-width: 100%; box-sizing: border-box; clear: both; min-height: 1em; word-wrap: break-word !important;"><span style="font-family: 微软雅黑, &quot;Microsoft YaHei&quot;; color: rgb(127, 127, 127);"><strong>有人因为吃不起药，只能眼睁睁等死；</strong></span></p><p style="margin-top: 0px; margin-bottom: 0px; padding: 0px; max-width: 100%; box-sizing: border-box; clear: both; min-height: 1em; word-wrap: break-word !important;"><span style="font-family: 微软雅黑, &quot;Microsoft YaHei&quot;; color: rgb(127, 127, 127);"><strong>有人为了不连累妻儿，选择结束生命；</strong></span></p><p style="margin-top: 0px; margin-bottom: 0px; padding: 0px; max-width: 100%; box-sizing: border-box; clear: both; min-height: 1em; word-wrap: break-word !important;"><span style="font-family: 微软雅黑, &quot;Microsoft YaHei&quot;; color: rgb(127, 127, 127);"><strong>有人站在死亡边缘看到一丝希望，像抓住救命稻草一般牢牢不放；</strong></span></p></section></section></section></section></section></section><p><br/></p><section><section><section><p style="margin-top: 0px; margin-bottom: 0px; padding: 0px; max-width: 100%; box-sizing: border-box; clear: both; min-height: 1em; font-family: -apple-system-font, BlinkMacSystemFont, &quot;Helvetica Neue&quot;, &quot;PingFang SC&quot;, &quot;Hiragino Sans GB&quot;, &quot;Microsoft YaHei UI&quot;, &quot;Microsoft YaHei&quot;, Arial, sans-serif; font-size: 15px; letter-spacing: 1px; text-align: justify; white-space: normal; background-color: rgb(255, 255, 255); word-wrap: break-word !important;"><br/></p><p style="margin-top: 0px; margin-bottom: 0px; padding: 0px; max-width: 100%; box-sizing: border-box; clear: both; min-height: 1em; font-family: -apple-system-font, BlinkMacSystemFont, &quot;Helvetica Neue&quot;, &quot;PingFang SC&quot;, &quot;Hiragino Sans GB&quot;, &quot;Microsoft YaHei UI&quot;, &quot;Microsoft YaHei&quot;, Arial, sans-serif; font-size: 15px; letter-spacing: 1px; text-align: justify; white-space: normal; background-color: rgb(255, 255, 255); word-wrap: break-word !important;"><br/></p><p style="margin-top: 0px; margin-bottom: 0px; padding: 0px; max-width: 100%; box-sizing: border-box; clear: both; min-height: 1em; font-family: -apple-system-font, BlinkMacSystemFont, &quot;Helvetica Neue&quot;, &quot;PingFang SC&quot;, &quot;Hiragino Sans GB&quot;, &quot;Microsoft YaHei UI&quot;, &quot;Microsoft YaHei&quot;, Arial, sans-serif; font-size: 15px; letter-spacing: 1px; text-align: justify; white-space: normal; background-color: rgb(255, 255, 255); word-wrap: break-word !important;"><span style="margin: 0px; padding: 0px; max-width: 100%; box-sizing: border-box !important; word-wrap: break-word !important;">有人说，“这辈子最害怕的是生病，最抗拒的地方是医院，最不想看到的人是医生。”</span></p><p style="margin-top: 0px; margin-bottom: 0px; padding: 0px; max-width: 100%; box-sizing: border-box; clear: both; min-height: 1em; font-family: -apple-system-font, BlinkMacSystemFont, &quot;Helvetica Neue&quot;, &quot;PingFang SC&quot;, &quot;Hiragino Sans GB&quot;, &quot;Microsoft YaHei UI&quot;, &quot;Microsoft YaHei&quot;, Arial, sans-serif; font-size: 15px; letter-spacing: 1px; text-align: justify; white-space: normal; background-color: rgb(255, 255, 255); word-wrap: break-word !important;"><span style="margin: 0px; padding: 0px; max-width: 100%; box-sizing: border-box !important; word-wrap: break-word !important;">&nbsp;</span></p><p style="margin-top: 0px; margin-bottom: 0px; padding: 0px; max-width: 100%; box-sizing: border-box; clear: both; min-height: 1em; font-family: -apple-system-font, BlinkMacSystemFont, &quot;Helvetica Neue&quot;, &quot;PingFang SC&quot;, &quot;Hiragino Sans GB&quot;, &quot;Microsoft YaHei UI&quot;, &quot;Microsoft YaHei&quot;, Arial, sans-serif; font-size: 15px; letter-spacing: 1px; text-align: justify; white-space: normal; background-color: rgb(255, 255, 255); word-wrap: break-word !important;"><span style="margin: 0px; padding: 0px; max-width: 100%; box-sizing: border-box !important; word-wrap: break-word !important;">不是因为胆小，而是根本就<strong style="margin: 0px; padding: 0px; max-width: 100%; box-sizing: border-box; word-wrap: break-word !important;"><span style="margin: 0px; padding: 0px; max-width: 100%; box-sizing: border-box; word-wrap: break-word !important; color: rgba(222, 98, 39, 0.992);">“不敢病”</span></strong>。</span></p><p style="margin-top: 0px; margin-bottom: 0px; padding: 0px; max-width: 100%; box-sizing: border-box; clear: both; min-height: 1em; font-family: -apple-system-font, BlinkMacSystemFont, &quot;Helvetica Neue&quot;, &quot;PingFang SC&quot;, &quot;Hiragino Sans GB&quot;, &quot;Microsoft YaHei UI&quot;, &quot;Microsoft YaHei&quot;, Arial, sans-serif; font-size: 15px; letter-spacing: 1px; text-align: justify; white-space: normal; background-color: rgb(255, 255, 255); word-wrap: break-word !important;"><span style="margin: 0px; padding: 0px; max-width: 100%; box-sizing: border-box !important; word-wrap: break-word !important;">&nbsp;</span></p><p style="margin-top: 0px; margin-bottom: 0px; padding: 0px; max-width: 100%; box-sizing: border-box; clear: both; min-height: 1em; font-family: -apple-system-font, BlinkMacSystemFont, &quot;Helvetica Neue&quot;, &quot;PingFang SC&quot;, &quot;Hiragino Sans GB&quot;, &quot;Microsoft YaHei UI&quot;, &quot;Microsoft YaHei&quot;, Arial, sans-serif; font-size: 15px; letter-spacing: 1px; text-align: justify; white-space: normal; background-color: rgb(255, 255, 255); word-wrap: break-word !important;"><span style="margin: 0px; padding: 0px; max-width: 100%; box-sizing: border-box !important; word-wrap: break-word !important;">说到底，“不敢病”是我们面对病魔最卑微的姿态。</span></p><p style="margin-top: 0px; margin-bottom: 0px; padding: 0px; max-width: 100%; box-sizing: border-box; clear: both; min-height: 1em; font-family: -apple-system-font, BlinkMacSystemFont, &quot;Helvetica Neue&quot;, &quot;PingFang SC&quot;, &quot;Hiragino Sans GB&quot;, &quot;Microsoft YaHei UI&quot;, &quot;Microsoft YaHei&quot;, Arial, sans-serif; font-size: 15px; letter-spacing: 1px; text-align: justify; white-space: normal; background-color: rgb(255, 255, 255); word-wrap: break-word !important;"><span style="margin: 0px; padding: 0px; max-width: 100%; box-sizing: border-box !important; word-wrap: break-word !important;"><br/></span></p><p style="margin-top: 0px; margin-bottom: 0px; padding: 0px; max-width: 100%; box-sizing: border-box; clear: both; min-height: 1em; font-family: -apple-system-font, BlinkMacSystemFont, &quot;Helvetica Neue&quot;, &quot;PingFang SC&quot;, &quot;Hiragino Sans GB&quot;, &quot;Microsoft YaHei UI&quot;, &quot;Microsoft YaHei&quot;, Arial, sans-serif; font-size: 15px; letter-spacing: 1px; text-align: justify; white-space: normal; background-color: rgb(255, 255, 255); word-wrap: break-word !important;"><span style="margin: 0px; padding: 0px; max-width: 100%; box-sizing: border-box !important; word-wrap: break-word !important;">如果有一天，得了绝症，救命药4万一瓶，需要终生服用，那吃还是不吃？</span></p><p style="margin-top: 0px; margin-bottom: 0px; padding: 0px; max-width: 100%; box-sizing: border-box; clear: both; min-height: 1em; font-family: -apple-system-font, BlinkMacSystemFont, &quot;Helvetica Neue&quot;, &quot;PingFang SC&quot;, &quot;Hiragino Sans GB&quot;, &quot;Microsoft YaHei UI&quot;, &quot;Microsoft YaHei&quot;, Arial, sans-serif; font-size: 15px; letter-spacing: 1px; text-align: justify; white-space: normal; background-color: rgb(255, 255, 255); word-wrap: break-word !important;"><span style="margin: 0px; padding: 0px; max-width: 100%; box-sizing: border-box !important; word-wrap: break-word !important;">&nbsp;</span></p><p style="margin-top: 0px; margin-bottom: 0px; padding: 0px; max-width: 100%; box-sizing: border-box; clear: both; min-height: 1em; font-family: -apple-system-font, BlinkMacSystemFont, &quot;Helvetica Neue&quot;, &quot;PingFang SC&quot;, &quot;Hiragino Sans GB&quot;, &quot;Microsoft YaHei UI&quot;, &quot;Microsoft YaHei&quot;, Arial, sans-serif; font-size: 15px; letter-spacing: 1px; text-align: justify; white-space: normal; background-color: rgb(255, 255, 255); word-wrap: break-word !important;"><span style="margin: 0px; padding: 0px; max-width: 100%; box-sizing: border-box !important; word-wrap: break-word !important;"><strong style="margin: 0px; padding: 0px; max-width: 100%; box-sizing: border-box; word-wrap: break-word !important;">吃，一套房会被吃掉，家人会被拖垮；</strong></span></p><p style="margin-top: 0px; margin-bottom: 0px; padding: 0px; max-width: 100%; box-sizing: border-box; clear: both; min-height: 1em; font-family: -apple-system-font, BlinkMacSystemFont, &quot;Helvetica Neue&quot;, &quot;PingFang SC&quot;, &quot;Hiragino Sans GB&quot;, &quot;Microsoft YaHei UI&quot;, &quot;Microsoft YaHei&quot;, Arial, sans-serif; font-size: 15px; letter-spacing: 1px; text-align: justify; white-space: normal; background-color: rgb(255, 255, 255); word-wrap: break-word !important;"><span style="margin: 0px; padding: 0px; max-width: 100%; box-sizing: border-box !important; word-wrap: break-word !important;"><strong style="margin: 0px; padding: 0px; max-width: 100%; box-sizing: border-box; word-wrap: break-word !important;">不吃，死路一条。</strong></span></p><p style="margin-top: 0px; margin-bottom: 0px; padding: 0px; max-width: 100%; box-sizing: border-box; clear: both; min-height: 1em; font-family: -apple-system-font, BlinkMacSystemFont, &quot;Helvetica Neue&quot;, &quot;PingFang SC&quot;, &quot;Hiragino Sans GB&quot;, &quot;Microsoft YaHei UI&quot;, &quot;Microsoft YaHei&quot;, Arial, sans-serif; font-size: 15px; letter-spacing: 1px; text-align: justify; white-space: normal; background-color: rgb(255, 255, 255); word-wrap: break-word !important;"><span style="margin: 0px; padding: 0px; max-width: 100%; box-sizing: border-box !important; word-wrap: break-word !important;">&nbsp;</span></p><p style="margin-top: 0px; margin-bottom: 0px; padding: 0px; max-width: 100%; box-sizing: border-box; clear: both; min-height: 1em; font-family: -apple-system-font, BlinkMacSystemFont, &quot;Helvetica Neue&quot;, &quot;PingFang SC&quot;, &quot;Hiragino Sans GB&quot;, &quot;Microsoft YaHei UI&quot;, &quot;Microsoft YaHei&quot;, Arial, sans-serif; font-size: 15px; letter-spacing: 1px; text-align: justify; white-space: normal; background-color: rgb(255, 255, 255); word-wrap: break-word !important;"><br/></p><p style="margin-top: 0px; margin-bottom: 0px; padding: 0px; max-width: 100%; box-sizing: border-box; clear: both; min-height: 1em; font-family: -apple-system-font, BlinkMacSystemFont, &quot;Helvetica Neue&quot;, &quot;PingFang SC&quot;, &quot;Hiragino Sans GB&quot;, &quot;Microsoft YaHei UI&quot;, &quot;Microsoft YaHei&quot;, Arial, sans-serif; font-size: 15px; letter-spacing: 1px; text-align: justify; white-space: normal; background-color: rgb(255, 255, 255); word-wrap: break-word !important;"><span style="margin: 0px; padding: 0px; max-width: 100%; box-sizing: border-box !important; word-wrap: break-word !important;"><strong style="margin: 0px; padding: 0px; max-width: 100%; box-sizing: border-box; word-wrap: break-word !important;">有些人光着活着就已经竭尽全力，可还有些人，竭尽全力也不一定能活。但他们依然对活着这件事怀抱热望</strong></span></p><p style="margin-top: 0px; margin-bottom: 0px; padding: 0px; max-width: 100%; box-sizing: border-box; clear: both; min-height: 1em; font-family: -apple-system-font, BlinkMacSystemFont, &quot;Helvetica Neue&quot;, &quot;PingFang SC&quot;, &quot;Hiragino Sans GB&quot;, &quot;Microsoft YaHei UI&quot;, &quot;Microsoft YaHei&quot;, Arial, sans-serif; font-size: 15px; letter-spacing: 1px; text-align: justify; white-space: normal; background-color: rgb(255, 255, 255); word-wrap: break-word !important;"><span style="margin: 0px; padding: 0px; max-width: 100%; box-sizing: border-box !important; word-wrap: break-word !important;"><strong style="margin: 0px; padding: 0px; max-width: 100%; box-sizing: border-box; word-wrap: break-word !important;"><br/></strong></span></p><p style="margin-top: 0px; margin-bottom: 0px; padding: 0px; max-width: 100%; box-sizing: border-box; clear: both; min-height: 1em; font-family: -apple-system-font, BlinkMacSystemFont, &quot;Helvetica Neue&quot;, &quot;PingFang SC&quot;, &quot;Hiragino Sans GB&quot;, &quot;Microsoft YaHei UI&quot;, &quot;Microsoft YaHei&quot;, Arial, sans-serif; font-size: 15px; letter-spacing: 1px; text-align: justify; white-space: normal; background-color: rgb(255, 255, 255); word-wrap: break-word !important;"><span style="margin: 0px; padding: 0px; max-width: 100%; box-sizing: border-box !important; word-wrap: break-word !important;"><strong style="margin: 0px; padding: 0px; max-width: 100%; box-sizing: border-box; word-wrap: break-word !important;"><img src="/ueditor/php/upload/image/20180710/1531204883981266.png" title="1531204883981266.png" alt="6402.png"/></strong></span></p><p style="margin-top: 0px; margin-bottom: 0px; padding: 0px; max-width: 100%; box-sizing: border-box; clear: both; min-height: 1em; font-family: -apple-system-font, BlinkMacSystemFont, &quot;Helvetica Neue&quot;, &quot;PingFang SC&quot;, &quot;Hiragino Sans GB&quot;, &quot;Microsoft YaHei UI&quot;, &quot;Microsoft YaHei&quot;, Arial, sans-serif; font-size: 15px; letter-spacing: 1px; text-align: justify; white-space: normal; background-color: rgb(255, 255, 255); word-wrap: break-word !important;"><br/></p><section><section><section><p style="margin-top: 0px; margin-bottom: 0px; padding: 0px; max-width: 100%; box-sizing: border-box; clear: both; min-height: 1em; word-wrap: break-word !important;"><span style="color: rgb(165, 165, 165); font-family: 楷体, 楷体_GB2312, SimKai;"><strong><span style="color: rgb(165, 165, 165);">身患白血病的<span style="color: rgb(165, 165, 165); margin: 0px; padding: 0px; max-width: 100%; box-sizing: border-box !important; word-wrap: break-word !important;">吕受益，</span>因为想要努力地活，他找程勇买“假药”，他坐在医药公司门口抗议，他看着买不起药的病人往医药代表身上扔屎，他轻笑着往嘴里塞饭！是无声却更有力的抗议，吃不起药，治不起病的现实比屎还不如，可还是要笑着去面对。&nbsp;<span style="color: rgb(165, 165, 165); margin: 0px; padding: 0px; max-width: 100%; box-sizing: border-box !important; word-wrap: break-word !important;">可他最后还是死了，他看着守在自己病床前的妻儿，再瞧瞧自己人不人鬼不鬼的模样，</span><strong style="font-family: 微软雅黑, &quot;Microsoft YaHei&quot;; margin: 0px; padding: 0px; max-width: 100%; box-sizing: border-box; word-wrap: break-word !important;">不连累是他能想到的最好也是最后的爱。</strong></span></strong></span></p></section></section></section><p><br/></p><section><section><section><p style="margin-top: 0px; margin-bottom: 0px; padding: 0px; max-width: 100%; box-sizing: border-box; clear: both; min-height: 1em; word-wrap: break-word !important;"><span style="font-family: 微软雅黑, &quot;Microsoft YaHei&quot;;">&nbsp;</span></p><p style="margin-top: 0px; margin-bottom: 0px; padding: 0px; max-width: 100%; box-sizing: border-box; clear: both; min-height: 1em; word-wrap: break-word !important;"><span style="font-family: 微软雅黑, &quot;Microsoft YaHei&quot;; color: rgb(127, 127, 127);">“如果我儿子早点生孩子，我是不是都可以当爷爷了。”</span></p></section></section></section><section><section><section><p style="margin-top: 0px; margin-bottom: 0px; padding: 0px; max-width: 100%; box-sizing: border-box; clear: both; min-height: 1em; word-wrap: break-word !important;"><br/></p></section></section></section><section><section><section><p style="margin-top: 0px; margin-bottom: 0px; padding: 0px; max-width: 100%; box-sizing: border-box; clear: both; min-height: 1em; word-wrap: break-word !important;"><span style="color: rgb(127, 127, 127); font-family: 微软雅黑, &quot;Microsoft YaHei&quot;;">他选择自杀来结束这扯淡的人生 &nbsp; &nbsp; &nbsp;“来，吃个橘子吧”</span></p></section></section></section><section><section><section><p style="margin-top: 0px; margin-bottom: 0px; padding: 0px; max-width: 100%; box-sizing: border-box; clear: both; min-height: 1em; word-wrap: break-word !important;"><br/></p></section></section></section><section><section><section><section><section><section><p style="margin-top: 0px; margin-bottom: 0px; padding: 0px; max-width: 100%; box-sizing: border-box; clear: both; min-height: 1em; word-wrap: break-word !important;"><span style="font-family: 微软雅黑, &quot;Microsoft YaHei&quot;; color: rgb(127, 127, 127);">吕受益第一次见程勇，就讨好似地从包里掏出一个橘子：“吃个橘子吧。”</span></p><p style="margin-top: 0px; margin-bottom: 0px; padding: 0px; max-width: 100%; box-sizing: border-box; clear: both; min-height: 1em; word-wrap: break-word !important;"><span style="font-family: 微软雅黑, &quot;Microsoft YaHei&quot;; color: rgb(127, 127, 127);">&nbsp;</span></p><p style="margin-top: 0px; margin-bottom: 0px; padding: 0px; max-width: 100%; box-sizing: border-box; clear: both; min-height: 1em; word-wrap: break-word !important;"><span style="font-family: 微软雅黑, &quot;Microsoft YaHei&quot;; color: rgb(127, 127, 127);">后来程勇去医院探望因为吃不起药，已经奄奄一息的吕受益，他还是面带微笑对程勇说：“吃个橘子吧。”</span></p><p style="margin-top: 0px; margin-bottom: 0px; padding: 0px; max-width: 100%; box-sizing: border-box; clear: both; min-height: 1em; word-wrap: break-word !important;"><span style="font-family: 微软雅黑, &quot;Microsoft YaHei&quot;; color: rgb(127, 127, 127);">&nbsp;</span></p><p style="margin-top: 0px; margin-bottom: 0px; padding: 0px; max-width: 100%; box-sizing: border-box; clear: both; min-height: 1em; word-wrap: break-word !important;"><span style="font-family: 微软雅黑, &quot;Microsoft YaHei&quot;; color: rgb(127, 127, 127);">在他的葬礼上，黄毛怀念的方式也是，坐在台阶上，吃着橘子。</span></p><p style="margin-top: 0px; margin-bottom: 0px; padding: 0px; max-width: 100%; box-sizing: border-box; clear: both; min-height: 1em; word-wrap: break-word !important;"><span style="font-family: 微软雅黑, &quot;Microsoft YaHei&quot;;"><br/></span></p><p style="margin-top: 0px; margin-bottom: 0px; padding: 0px; max-width: 100%; box-sizing: border-box; clear: both; min-height: 1em; word-wrap: break-word !important;"><span style="color: rgb(51, 51, 51); font-family: -apple-system-font, BlinkMacSystemFont, &quot;Helvetica Neue&quot;, &quot;PingFang SC&quot;, &quot;Hiragino Sans GB&quot;, &quot;Microsoft YaHei UI&quot;, &quot;Microsoft YaHei&quot;, Arial, sans-serif; font-size: 15px; letter-spacing: 1px; text-align: justify; background-color: rgb(255, 255, 255);">余华在《活着》中写道：</span></p><p style="margin-top: 0px; margin-bottom: 0px; padding: 0px; max-width: 100%; box-sizing: border-box; clear: both; min-height: 1em; word-wrap: break-word !important;"><span style="color: rgb(51, 51, 51); font-family: -apple-system-font, BlinkMacSystemFont, &quot;Helvetica Neue&quot;, &quot;PingFang SC&quot;, &quot;Hiragino Sans GB&quot;, &quot;Microsoft YaHei UI&quot;, &quot;Microsoft YaHei&quot;, Arial, sans-serif; font-size: 15px; letter-spacing: 1px; text-align: justify; background-color: rgb(255, 255, 255);"><br/></span></p><p style="margin-top: 0px; margin-bottom: 0px; padding: 0px; max-width: 100%; box-sizing: border-box; clear: both; min-height: 1em; word-wrap: break-word !important;"><span style="background-color: rgb(255, 255, 255); color: rgb(145, 139, 139); font-family: -apple-system-font, BlinkMacSystemFont, &quot;Helvetica Neue&quot;, &quot;PingFang SC&quot;, &quot;Hiragino Sans GB&quot;, &quot;Microsoft YaHei UI&quot;, &quot;Microsoft YaHei&quot;, Arial, sans-serif; font-size: 15px; letter-spacing: 1px; text-align: justify;">“你千万别糊涂，死人都还想活过来，你一个大活人可不能去死。</span></p><p style="margin-top: 0px; margin-bottom: 0px; padding: 0px; max-width: 100%; box-sizing: border-box; clear: both; min-height: 1em; color: rgb(145, 139, 139); font-family: -apple-system-font, BlinkMacSystemFont, &quot;Helvetica Neue&quot;, &quot;PingFang SC&quot;, &quot;Hiragino Sans GB&quot;, &quot;Microsoft YaHei UI&quot;, &quot;Microsoft YaHei&quot;, Arial, sans-serif; font-size: 15px; letter-spacing: 1px; text-align: justify; white-space: normal; background-color: rgb(255, 255, 255); word-wrap: break-word !important;">&nbsp;</p><p style="margin-top: 0px; margin-bottom: 0px; padding: 0px; max-width: 100%; box-sizing: border-box; clear: both; min-height: 1em; color: rgb(145, 139, 139); font-family: -apple-system-font, BlinkMacSystemFont, &quot;Helvetica Neue&quot;, &quot;PingFang SC&quot;, &quot;Hiragino Sans GB&quot;, &quot;Microsoft YaHei UI&quot;, &quot;Microsoft YaHei&quot;, Arial, sans-serif; font-size: 15px; letter-spacing: 1px; text-align: justify; white-space: normal; background-color: rgb(255, 255, 255); word-wrap: break-word !important;">人是为活着本身而活着，而不是为了活着之外的任何事物所活着。”</p><p style="margin-top: 0px; margin-bottom: 0px; padding: 0px; max-width: 100%; box-sizing: border-box; clear: both; min-height: 1em; word-wrap: break-word !important;"><span style="color: rgb(51, 51, 51); font-family: -apple-system-font, BlinkMacSystemFont, &quot;Helvetica Neue&quot;, &quot;PingFang SC&quot;, &quot;Hiragino Sans GB&quot;, &quot;Microsoft YaHei UI&quot;, &quot;Microsoft YaHei&quot;, Arial, sans-serif; font-size: 15px; letter-spacing: 1px; text-align: justify; background-color: rgb(255, 255, 255);"><br/></span></p><p style="margin-top: 0px; margin-bottom: 0px; padding: 0px; max-width: 100%; box-sizing: border-box; clear: both; min-height: 1em; color: rgb(51, 51, 51); font-family: -apple-system-font, BlinkMacSystemFont, &quot;Helvetica Neue&quot;, &quot;PingFang SC&quot;, &quot;Hiragino Sans GB&quot;, &quot;Microsoft YaHei UI&quot;, &quot;Microsoft YaHei&quot;, Arial, sans-serif; font-size: 15px; letter-spacing: 1px; text-align: justify; white-space: normal; background-color: rgb(255, 255, 255); word-wrap: break-word !important;"><strong style="margin: 0px; padding: 0px; max-width: 100%; box-sizing: border-box; word-wrap: break-word !important;"><span style="margin: 0px; padding: 0px; max-width: 100%; box-sizing: border-box; word-wrap: break-word !important; color: rgba(222, 98, 39, 0.992);">因为，这世间，除了生死，一切都是小事。</span></strong><br/></p><p style="margin-top: 0px; margin-bottom: 0px; padding: 0px; max-width: 100%; box-sizing: border-box; clear: both; min-height: 1em; color: rgb(51, 51, 51); font-family: -apple-system-font, BlinkMacSystemFont, &quot;Helvetica Neue&quot;, &quot;PingFang SC&quot;, &quot;Hiragino Sans GB&quot;, &quot;Microsoft YaHei UI&quot;, &quot;Microsoft YaHei&quot;, Arial, sans-serif; font-size: 15px; letter-spacing: 1px; text-align: justify; white-space: normal; background-color: rgb(255, 255, 255); word-wrap: break-word !important;">&nbsp;</p><p style="margin-top: 0px; margin-bottom: 0px; padding: 0px; max-width: 100%; box-sizing: border-box; clear: both; min-height: 1em; color: rgb(51, 51, 51); font-family: -apple-system-font, BlinkMacSystemFont, &quot;Helvetica Neue&quot;, &quot;PingFang SC&quot;, &quot;Hiragino Sans GB&quot;, &quot;Microsoft YaHei UI&quot;, &quot;Microsoft YaHei&quot;, Arial, sans-serif; font-size: 15px; letter-spacing: 1px; text-align: justify; white-space: normal; background-color: rgb(255, 255, 255); word-wrap: break-word !important;"><img src="/ueditor/php/upload/image/20180710/1531204804344081.png" title="1531204804344081.png" alt="6401.png" width="785" height="416"/></p><p style="margin-top: 0px; margin-bottom: 0px; padding: 0px; max-width: 100%; box-sizing: border-box; clear: both; min-height: 1em; color: rgb(51, 51, 51); font-family: -apple-system-font, BlinkMacSystemFont, &quot;Helvetica Neue&quot;, &quot;PingFang SC&quot;, &quot;Hiragino Sans GB&quot;, &quot;Microsoft YaHei UI&quot;, &quot;Microsoft YaHei&quot;, Arial, sans-serif; font-size: 15px; letter-spacing: 1px; text-align: justify; white-space: normal; background-color: rgb(255, 255, 255); word-wrap: break-word !important;">电影里铺满了电脑屏幕的QQ群，联系着万千病友，他们相互鼓励的时候，是让人震撼的。原来有那么多经受着苦痛却依然对<strong style="margin: 0px; padding: 0px; max-width: 100%; box-sizing: border-box !important; word-wrap: break-word !important;">“活着”</strong>怀抱热望的人。</p><p style="margin-top: 0px; margin-bottom: 0px; padding: 0px; max-width: 100%; box-sizing: border-box; clear: both; min-height: 1em; word-wrap: break-word !important;"><br/></p><section><section><section><p style="margin-top: 0px; margin-bottom: 0px; padding: 0px; max-width: 100%; box-sizing: border-box; clear: both; min-height: 1em; word-wrap: break-word !important;"><span style="font-family: 隶书, SimLi; font-size: 20px;">直到镜头推进，那两个字被无限放大，是</span><br/></p><p style="margin-top: 0px; margin-bottom: 0px; padding: 0px; max-width: 100%; box-sizing: border-box; clear: both; min-height: 1em; word-wrap: break-word !important;"><span style="font-family: 隶书, SimLi; font-size: 20px;"><br/></span></p><p style="margin-top: 0px; margin-bottom: 0px; padding: 0px; max-width: 100%; box-sizing: border-box; clear: both; min-height: 1em; word-wrap: break-word !important;">&nbsp;&nbsp;&nbsp;&nbsp;&nbsp;&nbsp;&nbsp;&nbsp;&nbsp;&nbsp;&nbsp;&nbsp;&nbsp;&nbsp;&nbsp;&nbsp;&nbsp;&nbsp;&nbsp;&nbsp;&nbsp;&nbsp;&nbsp;&nbsp;&nbsp;&nbsp;&nbsp;&nbsp;&nbsp;&nbsp;&nbsp;&nbsp;&nbsp;&nbsp;&nbsp;&nbsp;&nbsp;&nbsp;&nbsp;&nbsp;&nbsp;&nbsp;&nbsp;&nbsp;&nbsp;<strong style="font-size: 36px; text-align: center; margin: 0px; padding: 0px; max-width: 100%; box-sizing: border-box; word-wrap: break-word !important;"><span style="margin: 0px; padding: 0px; max-width: 100%; box-sizing: border-box; word-wrap: break-word !important; color: rgba(222, 98, 39, 0.992);">“希望”</span></strong></p><p style="margin-top: 0px; margin-bottom: 0px; padding: 0px; max-width: 100%; box-sizing: border-box; clear: both; min-height: 1em; word-wrap: break-word !important;"><br/></p><p style="margin-top: 0px; margin-bottom: 0px; padding: 0px; max-width: 100%; box-sizing: border-box; clear: both; min-height: 1em; word-wrap: break-word !important;"><span style="font-family: 微软雅黑, &quot;Microsoft YaHei&quot;;">所以，亲爱的你：</span></p><p style="margin-top: 0px; margin-bottom: 0px; padding: 0px; max-width: 100%; box-sizing: border-box; clear: both; min-height: 1em; word-wrap: break-word !important;"><span style="font-family: 微软雅黑, &quot;Microsoft YaHei&quot;;">&nbsp;</span></p></section></section></section><p><br/></p><section><section><section><section><section><section><p style="margin-top: 0px; margin-bottom: 0px; padding: 0px; max-width: 100%; box-sizing: border-box; clear: both; min-height: 1em; word-wrap: break-word !important;"><span style="font-family: 微软雅黑, &quot;Microsoft YaHei&quot;;">&nbsp;&nbsp;&nbsp;&nbsp;&nbsp;&nbsp;&nbsp;&nbsp;“带父母去做一次体检吧”</span></p><p style="margin-top: 0px; margin-bottom: 0px; padding: 0px; max-width: 100%; box-sizing: border-box; clear: both; min-height: 1em; word-wrap: break-word !important;"><br/></p><p style="margin-top: 0px; margin-bottom: 0px; padding: 0px; max-width: 100%; box-sizing: border-box; clear: both; min-height: 1em; word-wrap: break-word !important;"><span style="font-family: 微软雅黑, &quot;Microsoft YaHei&quot;;">&nbsp;&nbsp;&nbsp;&nbsp;&nbsp;&nbsp;&nbsp;&nbsp;“别熬夜了，快睡吧，工作是做不完的”</span></p><p style="margin-top: 0px; margin-bottom: 0px; padding: 0px; max-width: 100%; box-sizing: border-box; clear: both; min-height: 1em; word-wrap: break-word !important;"><br/></p><p style="margin-top: 0px; margin-bottom: 0px; padding: 0px; max-width: 100%; box-sizing: border-box; clear: both; min-height: 1em; word-wrap: break-word !important;"><span style="font-family: 微软雅黑, &quot;Microsoft YaHei&quot;;">&nbsp;&nbsp;&nbsp;&nbsp;&nbsp;&nbsp;&nbsp;&nbsp;“累了，就停下来歇一歇，明天一样可以赶路”</span></p></section></section></section></section></section></section><section><section><section><p style="margin-top: 0px; margin-bottom: 0px; padding: 0px; max-width: 100%; box-sizing: border-box; clear: both; min-height: 1em; word-wrap: break-word !important;"><br/></p></section></section></section><section><section><section><p style="margin-top: 0px; margin-bottom: 0px; padding: 0px; max-width: 100%; box-sizing: border-box; clear: both; min-height: 1em; word-wrap: break-word !important;"><span style="font-family: 微软雅黑, &quot;Microsoft YaHei&quot;;"><strong style="margin: 0px; padding: 0px; max-width: 100%; box-sizing: border-box; word-wrap: break-word !important;"><br/></strong></span></p><p style="margin-top: 0px; margin-bottom: 0px; padding: 0px; max-width: 100%; box-sizing: border-box; clear: both; min-height: 1em; word-wrap: break-word !important;"><span style="font-family: 微软雅黑, &quot;Microsoft YaHei&quot;;"><strong style="margin: 0px; padding: 0px; max-width: 100%; box-sizing: border-box; word-wrap: break-word !important;">因为，身体康健，用力活着，是所有希望的源头。</strong></span></p></section></section></section><p><br/></p><p style="margin-top: 0px; margin-bottom: 0px; padding: 0px; max-width: 100%; box-sizing: border-box; clear: both; min-height: 1em; word-wrap: break-word !important;"><br/></p></section></section></section></section></section></section><section><section><section></section></section></section><p><br/></p><p style="margin-top: 0px; margin-bottom: 0px; padding: 0px; max-width: 100%; box-sizing: border-box; clear: both; min-height: 1em; font-family: -apple-system-font, BlinkMacSystemFont, &quot;Helvetica Neue&quot;, &quot;PingFang SC&quot;, &quot;Hiragino Sans GB&quot;, &quot;Microsoft YaHei UI&quot;, &quot;Microsoft YaHei&quot;, Arial, sans-serif; font-size: 15px; letter-spacing: 1px; text-align: justify; white-space: normal; background-color: rgb(255, 255, 255); word-wrap: break-word !important;"><strong><span style="color: rgb(0, 176, 240);">本文转自</span></strong><a style="margin: 0px; padding: 0px; -webkit-tap-highlight-color: rgba(0, 0, 0, 0); font-family: -apple-system-font, BlinkMacSystemFont, &quot;Helvetica Neue&quot;, &quot;PingFang SC&quot;, &quot;Hiragino Sans GB&quot;, &quot;Microsoft YaHei UI&quot;, &quot;Microsoft YaHei&quot;, Arial, sans-serif; font-size: 15px; letter-spacing: 0.544px; white-space: normal; background-color: rgb(255, 255, 255); color: rgb(0, 176, 240); border: none; text-decoration: none;"><strong><span style="color: rgb(0, 176, 240);">稀客汇，如有侵权，请联系我删除。谢谢！</span></strong></a></p><p><span style="margin: 0px; padding: 0px; max-width: 100%; box-sizing: border-box !important; word-wrap: break-word !important;"><strong style="margin: 0px; padding: 0px; max-width: 100%; box-sizing: border-box; word-wrap: break-word !important;"><br/></strong></span></p></section></section></section><p><br/></p><p><br/></p></blockquote>', '用尽全力活着这件事，从来都没有错。最近朋友圈被《我不是药神》这部电影刷爆。血淋淋的真实在眼前撕裂开来，上映一天直接破3亿的成绩！那个父亲因为血管瘤急等着他救命钱，被迫走上“走私仿制药”最后完成救赎和自我救赎的程勇……那个哭诉着“我吃了三年的药，吃掉了房子，吃垮了家人”努力想要活下去的老奶奶……那个被呐喊着“他才20岁，他想活着，有什么错？”却倒在血泊里的黄毛……每一个人都想活着，想用尽全力地好好活着。活着，没有错。生命只有一次，疾病却难预防...陆勇在34岁时，查出患有慢性粒细胞白血病，他吃了两', 1, '2018-07-10 14:16:59', 75, '/index/picture/show/id/11.html', 0),
(12, 26, '寂寞沙洲冷 现场版MV 激动不已...', '/uploads/images/20180712/f6eff0451716e1bf4a1dc21c3fba7cb8.jpg', '{"1":"\\/uploads\\/images\\/20180712\\/f6eff0451716e1bf4a1dc21c3fba7cb8.jpg"}', '<video src="http://video.pearvideo.com/mp4/third/20171215/10703660_172745-hd.mp4?start=0" autoplay width="100%" height="100%" controls="controls"></video>', '一直都很喜欢小刚的歌，属于KTV必点经典曲目。这个《寂寞沙洲冷》更是经典中的经典，不容易啊，找到现场版的了，必须收藏起来，分享给大家了...', 1, '2018-07-12 12:59:24', 53, '/index/picture/show/id/12.html', 0),
(13, 26, '烟花易冷，人事易分 MV欣赏', '/uploads/images/20180712/2df0935953b99a2d06f5ce5a5a5a90b5.jpg', '{"1":"\\/uploads\\/images\\/20180712\\/2df0935953b99a2d06f5ce5a5a5a90b5.jpg"}', '<video width="100%" height="100%" src="http://video.pearvideo.com/mp4/third/20180702/cont-1379762-11308777-193028-hd.mp4" autoplay controls="controls"></video>', '烟花易冷，人事易分，折煞了世人...我听过最深情的版本，没有之一！', 1, '2018-07-12 19:00:19', 42, '/index/picture/show/id/13.html', 0),
(14, 26, '中国石油大学2018毕业季MV 《一如从前》', '/uploads/images/20180712/a4e315f148b78da049227e8c71b2cf2d.jpg', '{"1":"\\/uploads\\/images\\/20180712\\/a4e315f148b78da049227e8c71b2cf2d.jpg"}', '<video width="100%" height="100%" src="http://video.pearvideo.com/mp4/third/20180626/cont-1375820-11302103-224024-hd.mp4" autoplay controls="controls"></video>', '中国石油大学2018年毕业季最美MV-一如从前。我们一如从前，所向披靡，留恋最美时光...', 1, '2018-07-12 19:07:06', 72, '/index/picture/show/id/14.html', 0);
INSERT INTO `lz_picture` (`id`, `category_id`, `title`, `image_url`, `images`, `content`, `description`, `is_recommend`, `create_time`, `hits`, `url`, `is_top`) VALUES
(15, 11, '一个好玩的插件，闲鱼博客那里拿的，哈哈...', '/uploads/images/20180712/7758b838df6d4cf1471b89e3e43ae680.jpg', '{"1":"\\/uploads\\/images\\/20180712\\/7758b838df6d4cf1471b89e3e43ae680.jpg"}', '<p><span style="font-family: 微软雅黑, &quot;Microsoft YaHei&quot;; font-size: 18px;">&nbsp;&nbsp;&nbsp;&nbsp;从<a href="https://www.macrr.com/" target="_blank" title="闲鱼博客">闲鱼博客</a>看到的，就分享出来吧。毕竟，开源万岁，O(∩_∩)O哈哈~<img src="http://img.baidu.com/hi/jx2/j_0028.gif"/></span></p><p><span style="font-family: 微软雅黑, &quot;Microsoft YaHei&quot;; font-size: 18px;"><br/></span></p><p><span style="font-family: 微软雅黑, &quot;Microsoft YaHei&quot;; font-size: 18px;">&nbsp;&nbsp;&nbsp;&nbsp;首先是CSS代码：<br/></span></p><pre class="brush:js;toolbar:false;">canvas&nbsp;{&nbsp;\n&nbsp;&nbsp;&nbsp;&nbsp;&nbsp;&nbsp;&nbsp;&nbsp;position:&nbsp;absolute;&nbsp;&nbsp;\n&nbsp;&nbsp;&nbsp;&nbsp;&nbsp;&nbsp;&nbsp;&nbsp;top:&nbsp;0;&nbsp;&nbsp;\n&nbsp;&nbsp;&nbsp;&nbsp;&nbsp;&nbsp;&nbsp;&nbsp;left:&nbsp;0;&nbsp;&nbsp;\n&nbsp;&nbsp;&nbsp;&nbsp;&nbsp;&nbsp;&nbsp;&nbsp;z-index:&nbsp;0;&nbsp;&nbsp;\n&nbsp;&nbsp;&nbsp;&nbsp;&nbsp;&nbsp;&nbsp;&nbsp;width:&nbsp;100%;&nbsp;&nbsp;\n&nbsp;&nbsp;&nbsp;&nbsp;&nbsp;&nbsp;&nbsp;&nbsp;height:&nbsp;100%;&nbsp;&nbsp;\n&nbsp;&nbsp;&nbsp;&nbsp;&nbsp;&nbsp;&nbsp;&nbsp;pointer-events:&nbsp;none;&nbsp;&nbsp;\n}</pre><p><span style="font-family: 微软雅黑, &quot;Microsoft YaHei&quot;; font-size: 18px;"></span>&nbsp;&nbsp;&nbsp;&nbsp;<span style="font-family: 微软雅黑, &quot;Microsoft YaHei&quot;; font-size: 18px;">然后是JS代码：</span><br/></p><pre class="brush:js;toolbar:false">document.addEventListener(&#39;touchmove&#39;,&nbsp;function&nbsp;(e)&nbsp;{&nbsp;&nbsp;\n&nbsp;&nbsp;&nbsp;&nbsp;&nbsp;&nbsp;&nbsp;&nbsp;&nbsp;&nbsp;&nbsp;&nbsp;&nbsp;&nbsp;&nbsp;&nbsp;e.preventDefault()&nbsp;&nbsp;\n&nbsp;&nbsp;&nbsp;&nbsp;&nbsp;&nbsp;&nbsp;&nbsp;&nbsp;&nbsp;&nbsp;&nbsp;})&nbsp;&nbsp;\n&nbsp;&nbsp;&nbsp;&nbsp;&nbsp;&nbsp;&nbsp;&nbsp;&nbsp;&nbsp;&nbsp;&nbsp;var&nbsp;c&nbsp;=&nbsp;document.getElementsByTagName(&#39;canvas&#39;)[0],&nbsp;&nbsp;\n&nbsp;&nbsp;&nbsp;&nbsp;&nbsp;&nbsp;&nbsp;&nbsp;&nbsp;&nbsp;&nbsp;&nbsp;&nbsp;&nbsp;&nbsp;&nbsp;x&nbsp;=&nbsp;c.getContext(&#39;2d&#39;),&nbsp;&nbsp;\n&nbsp;&nbsp;&nbsp;&nbsp;&nbsp;&nbsp;&nbsp;&nbsp;&nbsp;&nbsp;&nbsp;&nbsp;&nbsp;&nbsp;&nbsp;&nbsp;pr&nbsp;=&nbsp;window.devicePixelRatio&nbsp;||&nbsp;1,&nbsp;&nbsp;\n&nbsp;&nbsp;&nbsp;&nbsp;&nbsp;&nbsp;&nbsp;&nbsp;&nbsp;&nbsp;&nbsp;&nbsp;&nbsp;&nbsp;&nbsp;&nbsp;w&nbsp;=&nbsp;window.innerWidth,&nbsp;&nbsp;\n&nbsp;&nbsp;&nbsp;&nbsp;&nbsp;&nbsp;&nbsp;&nbsp;&nbsp;&nbsp;&nbsp;&nbsp;&nbsp;&nbsp;&nbsp;&nbsp;h&nbsp;=&nbsp;window.innerHeight,&nbsp;&nbsp;\n&nbsp;&nbsp;&nbsp;&nbsp;&nbsp;&nbsp;&nbsp;&nbsp;&nbsp;&nbsp;&nbsp;&nbsp;&nbsp;&nbsp;&nbsp;&nbsp;f&nbsp;=&nbsp;90,&nbsp;&nbsp;\n&nbsp;&nbsp;&nbsp;&nbsp;&nbsp;&nbsp;&nbsp;&nbsp;&nbsp;&nbsp;&nbsp;&nbsp;&nbsp;&nbsp;&nbsp;&nbsp;q,&nbsp;&nbsp;\n&nbsp;&nbsp;&nbsp;&nbsp;&nbsp;&nbsp;&nbsp;&nbsp;&nbsp;&nbsp;&nbsp;&nbsp;&nbsp;&nbsp;&nbsp;&nbsp;m&nbsp;=&nbsp;Math,&nbsp;&nbsp;\n&nbsp;&nbsp;&nbsp;&nbsp;&nbsp;&nbsp;&nbsp;&nbsp;&nbsp;&nbsp;&nbsp;&nbsp;&nbsp;&nbsp;&nbsp;&nbsp;r&nbsp;=&nbsp;0,&nbsp;&nbsp;\n&nbsp;&nbsp;&nbsp;&nbsp;&nbsp;&nbsp;&nbsp;&nbsp;&nbsp;&nbsp;&nbsp;&nbsp;&nbsp;&nbsp;&nbsp;&nbsp;u&nbsp;=&nbsp;m.PI*2,&nbsp;&nbsp;\n&nbsp;&nbsp;&nbsp;&nbsp;&nbsp;&nbsp;&nbsp;&nbsp;&nbsp;&nbsp;&nbsp;&nbsp;&nbsp;&nbsp;&nbsp;&nbsp;v&nbsp;=&nbsp;m.cos,&nbsp;&nbsp;\n&nbsp;&nbsp;&nbsp;&nbsp;&nbsp;&nbsp;&nbsp;&nbsp;&nbsp;&nbsp;&nbsp;&nbsp;&nbsp;&nbsp;&nbsp;&nbsp;z&nbsp;=&nbsp;m.random&nbsp;&nbsp;\n&nbsp;&nbsp;&nbsp;&nbsp;&nbsp;&nbsp;&nbsp;&nbsp;&nbsp;&nbsp;&nbsp;&nbsp;c.width&nbsp;=&nbsp;w*pr&nbsp;&nbsp;\n&nbsp;&nbsp;&nbsp;&nbsp;&nbsp;&nbsp;&nbsp;&nbsp;&nbsp;&nbsp;&nbsp;&nbsp;c.height&nbsp;=&nbsp;h*pr&nbsp;&nbsp;\n&nbsp;&nbsp;&nbsp;&nbsp;&nbsp;&nbsp;&nbsp;&nbsp;&nbsp;&nbsp;&nbsp;&nbsp;x.scale(pr,&nbsp;pr)&nbsp;&nbsp;\n&nbsp;&nbsp;&nbsp;&nbsp;&nbsp;&nbsp;&nbsp;&nbsp;&nbsp;&nbsp;&nbsp;&nbsp;x.globalAlpha&nbsp;=&nbsp;0.6&nbsp;&nbsp;\n&nbsp;&nbsp;&nbsp;&nbsp;&nbsp;&nbsp;&nbsp;&nbsp;&nbsp;&nbsp;&nbsp;&nbsp;function&nbsp;i(){&nbsp;&nbsp;\n&nbsp;&nbsp;&nbsp;&nbsp;&nbsp;&nbsp;&nbsp;&nbsp;&nbsp;&nbsp;&nbsp;&nbsp;&nbsp;&nbsp;&nbsp;&nbsp;x.clearRect(0,0,w,h)&nbsp;&nbsp;\n&nbsp;&nbsp;&nbsp;&nbsp;&nbsp;&nbsp;&nbsp;&nbsp;&nbsp;&nbsp;&nbsp;&nbsp;&nbsp;&nbsp;&nbsp;&nbsp;q=[{x:0,y:h*.7+f},{x:0,y:h*.7-f}]&nbsp;&nbsp;\n&nbsp;&nbsp;&nbsp;&nbsp;&nbsp;&nbsp;&nbsp;&nbsp;&nbsp;&nbsp;&nbsp;&nbsp;&nbsp;&nbsp;&nbsp;&nbsp;while(q[1].x&lt;w+f)&nbsp;d(q[0],&nbsp;q[1])&nbsp;&nbsp;\n&nbsp;&nbsp;&nbsp;&nbsp;&nbsp;&nbsp;&nbsp;&nbsp;&nbsp;&nbsp;&nbsp;&nbsp;}&nbsp;&nbsp;\n&nbsp;&nbsp;&nbsp;&nbsp;&nbsp;&nbsp;&nbsp;&nbsp;&nbsp;&nbsp;&nbsp;&nbsp;function&nbsp;d(i,j){&nbsp;&nbsp;&nbsp;&nbsp;&nbsp;\n&nbsp;&nbsp;&nbsp;&nbsp;&nbsp;&nbsp;&nbsp;&nbsp;&nbsp;&nbsp;&nbsp;&nbsp;&nbsp;&nbsp;&nbsp;&nbsp;x.beginPath()&nbsp;&nbsp;\n&nbsp;&nbsp;&nbsp;&nbsp;&nbsp;&nbsp;&nbsp;&nbsp;&nbsp;&nbsp;&nbsp;&nbsp;&nbsp;&nbsp;&nbsp;&nbsp;x.moveTo(i.x,&nbsp;i.y)&nbsp;&nbsp;\n&nbsp;&nbsp;&nbsp;&nbsp;&nbsp;&nbsp;&nbsp;&nbsp;&nbsp;&nbsp;&nbsp;&nbsp;&nbsp;&nbsp;&nbsp;&nbsp;x.lineTo(j.x,&nbsp;j.y)&nbsp;&nbsp;\n&nbsp;&nbsp;&nbsp;&nbsp;&nbsp;&nbsp;&nbsp;&nbsp;&nbsp;&nbsp;&nbsp;&nbsp;&nbsp;&nbsp;&nbsp;&nbsp;var&nbsp;k&nbsp;=&nbsp;j.x&nbsp;+&nbsp;(z()*2-0.25)*f,&nbsp;&nbsp;\n&nbsp;&nbsp;&nbsp;&nbsp;&nbsp;&nbsp;&nbsp;&nbsp;&nbsp;&nbsp;&nbsp;&nbsp;&nbsp;&nbsp;&nbsp;&nbsp;&nbsp;&nbsp;&nbsp;&nbsp;n&nbsp;=&nbsp;y(j.y)&nbsp;&nbsp;\n&nbsp;&nbsp;&nbsp;&nbsp;&nbsp;&nbsp;&nbsp;&nbsp;&nbsp;&nbsp;&nbsp;&nbsp;&nbsp;&nbsp;&nbsp;&nbsp;x.lineTo(k,&nbsp;n)&nbsp;&nbsp;\n&nbsp;&nbsp;&nbsp;&nbsp;&nbsp;&nbsp;&nbsp;&nbsp;&nbsp;&nbsp;&nbsp;&nbsp;&nbsp;&nbsp;&nbsp;&nbsp;x.closePath()&nbsp;&nbsp;\n&nbsp;&nbsp;&nbsp;&nbsp;&nbsp;&nbsp;&nbsp;&nbsp;&nbsp;&nbsp;&nbsp;&nbsp;&nbsp;&nbsp;&nbsp;&nbsp;r-=u/-50&nbsp;&nbsp;\n&nbsp;&nbsp;&nbsp;&nbsp;&nbsp;&nbsp;&nbsp;&nbsp;&nbsp;&nbsp;&nbsp;&nbsp;&nbsp;&nbsp;&nbsp;&nbsp;x.fillStyle&nbsp;=&nbsp;&#39;#&#39;+(v(r)*127+128&lt;&lt;16&nbsp;|&nbsp;v(r+u/3)*127+128&lt;&lt;8&nbsp;|&nbsp;v(r+u/3*2)*127+128).toString(16)&nbsp;&nbsp;\n&nbsp;&nbsp;&nbsp;&nbsp;&nbsp;&nbsp;&nbsp;&nbsp;&nbsp;&nbsp;&nbsp;&nbsp;&nbsp;&nbsp;&nbsp;&nbsp;x.fill()&nbsp;&nbsp;\n&nbsp;&nbsp;&nbsp;&nbsp;&nbsp;&nbsp;&nbsp;&nbsp;&nbsp;&nbsp;&nbsp;&nbsp;&nbsp;&nbsp;&nbsp;&nbsp;q[0]&nbsp;=&nbsp;q[1]&nbsp;&nbsp;\n&nbsp;&nbsp;&nbsp;&nbsp;&nbsp;&nbsp;&nbsp;&nbsp;&nbsp;&nbsp;&nbsp;&nbsp;&nbsp;&nbsp;&nbsp;&nbsp;q[1]&nbsp;=&nbsp;{x:k,y:n}&nbsp;&nbsp;\n&nbsp;&nbsp;&nbsp;&nbsp;&nbsp;&nbsp;&nbsp;&nbsp;&nbsp;&nbsp;&nbsp;&nbsp;}&nbsp;&nbsp;\n&nbsp;&nbsp;&nbsp;&nbsp;&nbsp;&nbsp;&nbsp;&nbsp;&nbsp;&nbsp;&nbsp;&nbsp;function&nbsp;y(p){&nbsp;&nbsp;\n&nbsp;&nbsp;&nbsp;&nbsp;&nbsp;&nbsp;&nbsp;&nbsp;&nbsp;&nbsp;&nbsp;&nbsp;&nbsp;&nbsp;&nbsp;&nbsp;var&nbsp;t&nbsp;=&nbsp;p&nbsp;+&nbsp;(z()*2-1.1)*f&nbsp;&nbsp;\n&nbsp;&nbsp;&nbsp;&nbsp;&nbsp;&nbsp;&nbsp;&nbsp;&nbsp;&nbsp;&nbsp;&nbsp;&nbsp;&nbsp;&nbsp;&nbsp;return&nbsp;(t&gt;h||t&lt;0)&nbsp;?&nbsp;y(p)&nbsp;:&nbsp;t&nbsp;&nbsp;\n&nbsp;&nbsp;&nbsp;&nbsp;&nbsp;&nbsp;&nbsp;&nbsp;&nbsp;&nbsp;&nbsp;&nbsp;}&nbsp;&nbsp;\n&nbsp;&nbsp;&nbsp;&nbsp;&nbsp;&nbsp;&nbsp;&nbsp;&nbsp;&nbsp;&nbsp;&nbsp;document.onclick&nbsp;=&nbsp;i&nbsp;&nbsp;\n&nbsp;&nbsp;&nbsp;&nbsp;&nbsp;&nbsp;&nbsp;&nbsp;&nbsp;&nbsp;&nbsp;&nbsp;document.ontouchstart&nbsp;=&nbsp;i&nbsp;&nbsp;\n&nbsp;&nbsp;&nbsp;&nbsp;&nbsp;&nbsp;&nbsp;&nbsp;&nbsp;&nbsp;&nbsp;&nbsp;i()</pre><p>&nbsp;&nbsp;&nbsp;&nbsp;<span style="font-family: 微软雅黑, &quot;Microsoft YaHei&quot;; font-size: 18px;">最后是body调用代码：</span></p><pre class="brush:js;toolbar:false;">&nbsp;&nbsp;&lt;canvas&gt;&lt;/canvas&gt;</pre><p>&nbsp;&nbsp;&nbsp;&nbsp;<span style="font-family: 微软雅黑, &quot;Microsoft YaHei&quot;; font-size: 18px;">好了，自己去测试。又水了一篇，滚去休息了。。</span><img src="http://img.baidu.com/hi/jx2/j_0005.gif"/></p>', '从闲鱼博客看到的，就分享出来吧。毕竟，开源万岁，O(∩_∩)O哈哈~ 首先是CSS代码...', 1, '2018-07-12 19:33:37', 50, '/index/picture/show/id/15.html', 0),
(16, 27, '免费下载酷我音乐付费音乐文件方法', '/uploads/images/20180715/0302884ba49e2feb60d298a4ad506bf0.jpg', '{"1":"\\/uploads\\/images\\/20180715\\/0302884ba49e2feb60d298a4ad506bf0.jpg"}', '<p><span style="color: rgb(255, 0, 0);"><strong># </strong></span><span style="font-family: 微软雅黑, &quot;Microsoft YaHei&quot;; color: rgb(227, 108, 9);"><strong>题外话</strong></span></p><p>&nbsp;&nbsp;&nbsp;&nbsp;&nbsp;&nbsp;&nbsp;&nbsp;<span style="font-family: 微软雅黑, &quot;Microsoft YaHei&quot;;">相信爱听歌的朋友都知道，现在不管是哪家音乐平台都是响应祖国母亲的号召，把版权重视起来了。是的，这是一件好事。</span><img src="http://img.baidu.com/hi/babycat/C_0004.gif"/><span style="font-family: 微软雅黑, &quot;Microsoft YaHei&quot;;">但是，如果没有人民币，想要下载付费音乐怎么办？今天就教大家一招，可能有些人已经知道了。就再允许我为不知道的朋友再啰嗦一遍吧。</span><img src="http://img.baidu.com/hi/ldw/w_0003.gif"/></p><p>&nbsp;&nbsp;&nbsp;&nbsp;&nbsp;&nbsp;&nbsp;&nbsp;</p><hr/><p><span style="color: rgb(227, 108, 9);"><strong># 教程开始</strong></span></p><p><span style="font-size: 18px;">&nbsp;&nbsp;&nbsp;&nbsp;&nbsp;&nbsp;&nbsp;&nbsp;这次我们使用的平台是：</span><a href="http://www.kuwo.cn/bang/index" target="_blank" title="酷我音乐盒"><span style="font-size: 18px;">酷我音乐盒</span></a><span style="font-size: 18px;">。首先，打开官网，找一首付费音乐播放下。这里以目前比较火的《浪人琵琶》为例吧</span><img src="http://img.baidu.com/hi/ldw/w_0011.gif"/></p><p>&nbsp;&nbsp;&nbsp;&nbsp;&nbsp;&nbsp;&nbsp;&nbsp;<img src="/ueditor/php/upload/image/20180715/1531643129715083.png" title="1531643129715083.png" alt="image.png" width="938" height="493"/></p><p><br/></p><p>&nbsp;&nbsp;&nbsp;&nbsp;&nbsp;&nbsp;&nbsp;&nbsp;<span style="font-size: 18px; font-family: 微软雅黑, &quot;Microsoft YaHei&quot;;">然后呢，使用这个工具：<strong><span style="font-size: 18px; text-align: justify; background-color: rgb(255, 255, 255); color: rgb(0, 112, 192);">http://player.kuwo.cn/webmusic/st/getNewMuiseByRid?rid=MUSIC_</span></strong></span></p><p><span style="font-size: 18px; font-family: 微软雅黑, &quot;Microsoft YaHei&quot;;">&nbsp;&nbsp;&nbsp;&nbsp;&nbsp; &nbsp;把刚才的歌曲ID号码<strong><span style="font-family: 微软雅黑, &quot;Microsoft YaHei&quot;; color: rgb(255, 0, 0); font-size: 20px;">+</span></strong>在后面，也就是这个链接：</span></p><p><span style="font-size: 18px; font-family: 微软雅黑, &quot;Microsoft YaHei&quot;; color: rgb(0, 176, 240); background-color: rgb(255, 255, 255); text-decoration: none;"><strong><span style="text-decoration: none; color: rgb(112, 48, 160); font-family: Tahoma, Helvetica, Arial, 宋体, sans-serif; text-align: justify; background-color: rgb(255, 255, 255); font-size: 16px;">&nbsp;&nbsp;&nbsp;&nbsp;&nbsp;&nbsp;&nbsp;&nbsp;http://player.kuwo.cn/webmusic/st/getNewMuiseByRid?rid=MUSIC_45221337</span></strong></span><span style="text-decoration: underline; font-size: 18px; font-family: 微软雅黑, &quot;Microsoft YaHei&quot;; color: rgb(0, 176, 240); background-color: rgb(146, 208, 80);"><span style="background-color: rgb(146, 208, 80); text-decoration: underline; font-family: 微软雅黑, &quot;Microsoft YaHei&quot;; color: rgb(0, 176, 240); font-size: 18px;"><strong><span style="color: rgb(112, 48, 160); font-family: Tahoma, Helvetica, Arial, 宋体, sans-serif; text-align: justify; background-color: rgb(255, 255, 255); font-size: 16px;"></span></strong></span><span style="background-color: rgb(146, 208, 80); font-size: 18px; font-family: 微软雅黑, &quot;Microsoft YaHei&quot;; color: rgb(0, 176, 240);"><strong><span style="color: rgb(112, 48, 160); font-family: Tahoma, Helvetica, Arial, 宋体, sans-serif; text-align: justify; background-color: rgb(255, 255, 255); font-size: 16px;"></span></strong></span></span><span style="font-size: 18px; font-family: 微软雅黑, &quot;Microsoft YaHei&quot;; color: rgb(0, 176, 240);"><strong><span style="color: rgb(112, 48, 160); font-family: Tahoma, Helvetica, Arial, 宋体, sans-serif; text-align: justify; background-color: rgb(255, 255, 255); font-size: 16px;"></span></strong></span></p><p>&nbsp;&nbsp;&nbsp;&nbsp;&nbsp;&nbsp;&nbsp;&nbsp;<span style="font-family: 微软雅黑, &quot;Microsoft YaHei&quot;; font-size: 18px;">试着点击访问第二个链接，你会得到下面的页面。看完不急，我来教你怎么拼下载链接。</span><br/></p><p><br/></p><p>&nbsp;&nbsp;&nbsp;&nbsp;&nbsp;&nbsp;&nbsp;&nbsp;</p><p>&nbsp;&nbsp;&nbsp;&nbsp;&nbsp;&nbsp;&nbsp;&nbsp;<img src="/ueditor/php/upload/image/20180715/1531643637320660.png" title="1531643637320660.png" alt="image.png" width="970" height="636"/></p><p style="text-align: center;">&nbsp;&nbsp;&nbsp;&nbsp;&nbsp;<span style="color: rgb(0, 0, 0);">&nbsp;&nbsp;&nbsp;&nbsp;&nbsp;<span style="color: rgb(0, 0, 0); font-size: 20px;">&nbsp;<span style="background-color: rgb(146, 208, 80);">&nbsp;重点来了！！！我们来拼接这个链接吧。</span></span></span></p><p><span style="font-size: 18px; color: rgb(0, 0, 0); background-color: rgb(255, 255, 255);">&nbsp;&nbsp;&nbsp;&nbsp;&nbsp;&nbsp;&nbsp;&nbsp;如上图，可以得到</span></p><p><span style="font-size: 18px; color: rgb(0, 0, 0); background-color: rgb(255, 255, 255);"><strong>&nbsp;&nbsp;&nbsp;&nbsp;&nbsp;&nbsp;&nbsp;&nbsp;第一个材料</strong>：<strong><span style="font-size: 18px; background-color: rgb(255, 255, 255); color: rgb(0, 176, 240);">n3/90/89/2428720832.mp3</span></strong></span></p><p><span style="font-size: 18px; color: rgb(0, 0, 0); background-color: rgb(255, 255, 255);"><strong><span style="font-size: 18px; background-color: rgb(255, 255, 255); color: rgb(0, 176, 240);">&nbsp;&nbsp;&nbsp;&nbsp;&nbsp;&nbsp;&nbsp;&nbsp;<span style="font-size: 18px; background-color: rgb(255, 255, 255); color: rgb(0, 0, 0);">第二个材料：</span>other.web.nf01.sycdn.kuwo.cn<br/></span></strong></span></p><p style="text-align: justify; "><span style="background-color: rgb(255, 255, 255);"><strong style=""><span style="color: rgb(0, 176, 240); font-size: 18px; background-color: rgb(255, 255, 255);">&nbsp;&nbsp;&nbsp;&nbsp;&nbsp;&nbsp;&nbsp;&nbsp;</span><span style="font-size: 18px; background-color: rgb(255, 255, 255); color: rgb(0, 0, 0);">第三个材料 :<span style="font-size: 18px; background-color: rgb(255, 255, 255); color: rgb(0, 176, 240);"> resource</span></span></strong></span></p><p><span style="font-size: 18px; color: rgb(0, 0, 0); background-color: rgb(255, 255, 255);"><strong><span style="font-size: 18px; background-color: rgb(255, 255, 255); color: rgb(0, 176, 240);">&nbsp;&nbsp;&nbsp;&nbsp;&nbsp;&nbsp;&nbsp;&nbsp;<span style="font-size: 18px; background-color: rgb(255, 255, 255); color: rgb(255, 0, 0);">最后的下载链接就是：<span style="font-size: 18px; background-color: rgb(255, 255, 255); color: rgb(0, 176, 80);"><a href="http://第二个材料/resource/第一个材料。">http://第二个材料/resource/第一个材料。</a></span></span></span></strong></span></p><p><span style="font-size: 18px; color: rgb(0, 0, 0); background-color: rgb(255, 255, 255);"><strong><span style="font-size: 18px; background-color: rgb(255, 255, 255); color: rgb(0, 176, 240);"><span style="font-size: 18px; background-color: rgb(255, 255, 255); color: rgb(255, 0, 0);"><span style="font-size: 18px; background-color: rgb(255, 255, 255); color: rgb(0, 176, 80);"> &nbsp;&nbsp;&nbsp;&nbsp;&nbsp;&nbsp;&nbsp;&nbsp;也就是：</span></span></span></strong></span></p><p><span style="font-size: 18px; color: rgb(0, 0, 0); background-color: rgb(255, 255, 255);"><strong><span style="font-size: 18px; background-color: rgb(255, 255, 255); color: rgb(255, 0, 0);"> <span style="font-size: 18px; background-color: rgb(255, 255, 255); color: rgb(0, 32, 96);">&nbsp;&nbsp;&nbsp;&nbsp;&nbsp;&nbsp;&nbsp;&nbsp;&nbsp;&nbsp;&nbsp;&nbsp;&nbsp;&nbsp;&nbsp;&nbsp;&nbsp;&nbsp;&nbsp;&nbsp;&nbsp;</span></span></strong></span><span style="font-size: 18px; background-color: rgb(255, 255, 255); text-decoration: none; color: rgb(0, 176, 240);"><strong>http://<strong style="font-size: 18px; white-space: normal;">other.web.nf01.sycdn.kuwo.cn/resource/<strong style="font-size: 18px; white-space: normal;">n3/90/89/2428720832.mp3</strong></strong></strong></span><span style="font-size: 18px; color: rgb(0, 0, 0); background-color: rgb(255, 255, 255);"><strong><span style="font-size: 18px; background-color: rgb(255, 255, 255); color: rgb(255, 0, 0);"><br/></span></strong></span></p><p><span style="font-size: 18px; color: rgb(0, 0, 0); background-color: rgb(255, 255, 255);"><strong><span style="font-size: 18px; background-color: rgb(255, 255, 255); color: rgb(0, 32, 96);"><strong style="font-size: 18px; white-space: normal;"><span style="background-color: rgb(255, 255, 255);"><strong style="font-size: 18px; white-space: normal;"><span style="background-color: rgb(255, 255, 255);"><br/></span></strong></span></strong></span></strong></span></p><p><span style="font-size: 18px; background-color: rgb(255, 255, 255); color: rgb(227, 108, 9);"><strong><span style="font-size: 18px; background-color: rgb(255, 255, 255);"><strong style="font-size: 18px; white-space: normal;"><strong style="font-size: 18px; white-space: normal;"># 闲话部分&nbsp; &nbsp; </strong></strong></span></strong></span><span style="font-size: 18px; color: rgb(0, 0, 0); background-color: rgb(255, 255, 255);"><strong><span style="font-size: 18px; background-color: rgb(255, 255, 255); color: rgb(0, 32, 96);"><strong style="font-size: 18px; white-space: normal;"><span style="background-color: rgb(255, 255, 255);"><strong style="font-size: 18px; white-space: normal;"><span style="background-color: rgb(255, 255, 255);">&nbsp; &nbsp;</span></strong></span></strong></span></strong></span></p><p><strong style="font-size: 18px;"><span style="background-color: rgb(255, 255, 255); color: rgb(0, 32, 96);"><strong><strong>&nbsp;&nbsp;&nbsp;&nbsp;&nbsp;&nbsp;&nbsp;所有的歌曲都是这个道理，如果你还不会或者嫌弃麻烦，那我也没办法了。<img src="http://img.baidu.com/hi/ldw/w_0022.gif"/>等我哪天闲下来，把它写成插件分享出来了吧，也许时间比较久哈，敬请期待吧！<img src="http://img.baidu.com/hi/ldw/w_0014.gif"/>（当然，有条件的朋友，还是要多多支持正版！<img src="http://img.baidu.com/hi/jx2/j_0059.gif"/>）</strong></strong></span></strong></p><p><span style="font-size: 18px; color: rgb(0, 0, 0); background-color: rgb(255, 255, 255);"></span></p><p><span style="font-size: 18px; color: rgb(0, 0, 0); background-color: rgb(255, 255, 255);"></span></p>', '相信爱听歌的朋友都知道，现在不管是哪家音乐平台都是响应祖国母亲的号召，把版权重视起来了。如果没有钱，想要下载付费音乐怎么办？今天就教大家一招，可能有些人已经知道了。就再允许我为不知道的朋友再啰嗦一遍吧。        # 教程开始     ', 1, '2018-07-15 16:12:31', 51, '/index/picture/show/id/16.html', 0),
(17, 26, '情到深处，《是否》孤独', '/uploads/images/20180721/c995d3af3e58202a2b2d338ef5709b66.png', '{"1":"\\/uploads\\/images\\/20180721\\/c995d3af3e58202a2b2d338ef5709b66.png"}', '<video width="100%" height="100%" src="http://video.pearvideo.com/mp4/third/20180705/cont-1381525-11308777-032407-hd.mp4" autoplay controls="controls"></video>', '也许只有真正的情到深处后，才会明白那么多的“是否”...', 0, '2018-07-21 18:10:04', 30, '/index/picture/show/id/17.html', 0),
(18, 26, '最戳心翻唱版《你还要我怎样》', '/uploads/images/20180721/eacca99aee898ccfc77a65c4523a765b.png', '{"1":"\\/uploads\\/images\\/20180721\\/eacca99aee898ccfc77a65c4523a765b.png"}', '<video width="100%" height="100%" src="http://video.pearvideo.com/mp4/third/20180711/cont-1386340-11308777-170459-hd.mp4" autoplay controls="controls"></video>', '史上最戳心、最难受版本的《你还要我怎样》，亲身经历过一些后再听这首歌，心情势必会久久不能平静...', 0, '2018-07-21 18:11:07', 46, '/index/picture/show/id/18.html', 0),
(19, 25, '大学毕业学籍和档案怎么办', '/uploads/images/20180721/eb404988ee983eaa811216476c246cd0.jpg', '{"1":"\\/uploads\\/images\\/20180721\\/eb404988ee983eaa811216476c246cd0.jpg"}', '<p style="margin: 0px 0px 12px; padding: 0px; text-align: left; color: rgb(51, 51, 51); text-transform: none; line-height: 30px; text-indent: 0px; letter-spacing: normal; font-family: &quot;Microsoft YaHei&quot;; font-size: 16px; font-style: normal; font-weight: 400; word-spacing: 0px; white-space: normal; orphans: 2; widows: 2; font-variant-ligatures: normal; font-variant-caps: normal; -webkit-text-stroke-width: 0px; text-decoration-style: initial; text-decoration-color: initial;">&nbsp;&nbsp;&nbsp;&nbsp;&nbsp;&nbsp;&nbsp;&nbsp;</p><p style="margin: 0px 0px 12px; padding: 0px; text-align: left; color: rgb(51, 51, 51); text-transform: none; line-height: 30px; text-indent: 0px; letter-spacing: normal; font-family: &quot;Microsoft YaHei&quot;; font-size: 16px; font-style: normal; font-weight: 400; word-spacing: 0px; white-space: normal; orphans: 2; widows: 2; font-variant-ligatures: normal; font-variant-caps: normal; -webkit-text-stroke-width: 0px; text-decoration-style: initial; text-decoration-color: initial;">&nbsp;&nbsp;&nbsp;&nbsp;&nbsp;&nbsp;&nbsp;&nbsp;每年的这个时候，大多高校毕业生在努力找工作之余，也在办理各种毕业手续。然而，由于种种原因，每年总有一些毕业生不知道自己的<span style="text-decoration: none;">档案</span><span style="text-decoration: none;"></span>如何安放，最终成为“弃档族”。省人才服务局人事代理部部长肖丽红提醒广大毕业生，档案直接关系到毕业生个人的切身利益，档案如何处置千万不能轻视。</p><p style="margin: 0px 0px 12px; padding: 0px; text-align: left; color: rgb(51, 51, 51); text-transform: none; line-height: 30px; text-indent: 0px; letter-spacing: normal; font-family: &quot;Microsoft YaHei&quot;; font-size: 16px; font-style: normal; font-weight: 400; word-spacing: 0px; white-space: normal; orphans: 2; widows: 2; font-variant-ligatures: normal; font-variant-caps: normal; -webkit-text-stroke-width: 0px; text-decoration-style: initial; text-decoration-color: initial;"><strong style="font-style: normal; font-weight: 800;">　<span style="color: rgb(255, 0, 0); font-size: 16px;">　“弃档族”不少关键时刻傻了眼</span></strong></p><p style="margin: 0px 0px 12px; padding: 0px; text-align: left; color: rgb(51, 51, 51); text-transform: none; line-height: 30px; text-indent: 0px; letter-spacing: normal; font-family: &quot;Microsoft YaHei&quot;; font-size: 16px; font-style: normal; font-weight: 400; word-spacing: 0px; white-space: normal; orphans: 2; widows: 2; font-variant-ligatures: normal; font-variant-caps: normal; -webkit-text-stroke-width: 0px; text-decoration-style: initial; text-decoration-color: initial;">　　刘潇2011年从黑龙江大学毕业后，学校交给他一张报到证，让他到哈市人才服务局办理相关手续。由于不够重视个人档案，加之毕业后一直没有找到稳定的工作，刘潇一直没去办理存档。近日，刘潇考到哈市一家事业单位，人事部门要调其档案。这时，他才想起毕业那么久，这档案一直在自己手里呢!“从来没有单位要过档案，一直图方便自己保管，没当回事。现在办起来才知道挺复杂，找档案就找了好几天，然后存到人才服务局，再等单位调档，前前后后都一个月了，太耽误事了!”刘潇无奈地说。</p><p style="margin: 0px 0px 12px; padding: 0px; text-align: left; color: rgb(51, 51, 51); text-transform: none; line-height: 30px; text-indent: 0px; letter-spacing: normal; font-family: &quot;Microsoft YaHei&quot;; font-size: 16px; font-style: normal; font-weight: 400; word-spacing: 0px; white-space: normal; orphans: 2; widows: 2; font-variant-ligatures: normal; font-variant-caps: normal; -webkit-text-stroke-width: 0px; text-decoration-style: initial; text-decoration-color: initial;">　　与刘潇一样，每年毕业生中都会有“弃档族”，一些学校为了图方便和节省成本，将档案密封后交给毕业生个人。很多毕业生所在的单位由于没有资格接收档案，或者单位不要求档案审查，从毕业之日起，档案一直躺在毕业生家里睡大觉。</p><p style="margin: 0px 0px 12px; padding: 0px; text-align: left; color: rgb(51, 51, 51); text-transform: none; line-height: 30px; text-indent: 0px; letter-spacing: normal; font-family: &quot;Microsoft YaHei&quot;; font-size: 16px; font-style: normal; font-weight: 400; word-spacing: 0px; white-space: normal; orphans: 2; widows: 2; font-variant-ligatures: normal; font-variant-caps: normal; -webkit-text-stroke-width: 0px; text-decoration-style: initial; text-decoration-color: initial;"><strong style="font-style: normal; font-weight: 800;">　　<span style="color: rgb(255, 0, 0);">档案里边都有啥有啥用</span></strong></p><p style="margin: 0px 0px 12px; padding: 0px; text-align: left; color: rgb(51, 51, 51); text-transform: none; line-height: 30px; text-indent: 0px; letter-spacing: normal; font-family: &quot;Microsoft YaHei&quot;; font-size: 16px; font-style: normal; font-weight: 400; word-spacing: 0px; white-space: normal; orphans: 2; widows: 2; font-variant-ligatures: normal; font-variant-caps: normal; -webkit-text-stroke-width: 0px; text-decoration-style: initial; text-decoration-color: initial;">　　高校毕业生档案里装有<strong>普通高考考生电子档案、高等学校毕业生登记表、大学学习成绩单、党团材料、奖惩材料、学生体格检查表、报到证等文字材料</strong>。</p><p style="margin: 0px 0px 12px; padding: 0px; text-align: left; color: rgb(51, 51, 51); text-transform: none; line-height: 30px; text-indent: 0px; letter-spacing: normal; font-family: &quot;Microsoft YaHei&quot;; font-size: 16px; font-style: normal; font-weight: 400; word-spacing: 0px; white-space: normal; orphans: 2; widows: 2; font-variant-ligatures: normal; font-variant-caps: normal; -webkit-text-stroke-width: 0px; text-decoration-style: initial; text-decoration-color: initial;">　　高校毕业生通过签订就业协议、灵活就业等途径获得报到证，并放入学籍档案中，由学校转递用人单位的人事部门或委托管理的人才交流机构后，毕业生学籍档案才正式成为人事档案，真正地发挥作用。因此，毕业生档案是转变成为人事档案的基础。</p><p style="margin: 0px 0px 12px; padding: 0px; text-align: left; color: rgb(51, 51, 51); text-transform: none; line-height: 30px; text-indent: 0px; letter-spacing: normal; font-family: &quot;Microsoft YaHei&quot;; font-size: 16px; font-style: normal; font-weight: 400; word-spacing: 0px; white-space: normal; orphans: 2; widows: 2; font-variant-ligatures: normal; font-variant-caps: normal; -webkit-text-stroke-width: 0px; text-decoration-style: initial; text-decoration-color: initial;">　　肖部长介绍，人事档案很重要，档案是一个人经历、学历、职称、政审、能力、性格等情况的记载，表明一个人的行政隶属关系，还是为其提供转正定级、职称申报、办理养老保险等相关人事服务的依据。“没有档案，办理社会保险也成问题，参加养老保险要根据档案里的记录来确认工龄年限。总之，如果没有档案，个人的一些权益就得不到保障。”</p><p style="margin: 0px 0px 12px; padding: 0px; text-align: left; color: rgb(51, 51, 51); text-transform: none; line-height: 30px; text-indent: 0px; letter-spacing: normal; font-family: &quot;Microsoft YaHei&quot;; font-size: 16px; font-style: normal; font-weight: 400; word-spacing: 0px; white-space: normal; orphans: 2; widows: 2; font-variant-ligatures: normal; font-variant-caps: normal; -webkit-text-stroke-width: 0px; text-decoration-style: initial; text-decoration-color: initial;"><strong style="font-style: normal; font-weight: 800;">　　<span style="color: rgb(255, 0, 0);">档案到底该放哪</span></strong></p><p style="margin: 0px 0px 12px; padding: 0px; text-align: left; color: rgb(51, 51, 51); text-transform: none; line-height: 30px; text-indent: 0px; letter-spacing: normal; font-family: &quot;Microsoft YaHei&quot;; font-size: 16px; font-style: normal; font-weight: 400; word-spacing: 0px; white-space: normal; orphans: 2; widows: 2; font-variant-ligatures: normal; font-variant-caps: normal; -webkit-text-stroke-width: 0px; text-decoration-style: initial; text-decoration-color: initial;">　　<span style="color: rgb(0, 112, 192);"><strong>毕业后，毕业生应尽快将档案转至所在单位。如果没有落实单位或者所在单位没有档案管理权限，可根据报到证将档案存至户口所在地或工作所在地的公共服务机构和人才机构。</strong></span>流动人员人事档案具体由县级以上(含县级)公共就业和人才服务机构以及经人力资源社会保障部门授权的单位管理，其他单位未经授权不得管理流动人员人事档案。比如哈市某高校毕业生，毕业后并未找到工作，可以根据报到证将档案存至省、市人才，或者存至户口所在的区人才，如道里区人才服务机构、南岗区人才服务机构。</p><p style="margin: 0px 0px 12px; padding: 0px; text-align: left; color: rgb(51, 51, 51); text-transform: none; line-height: 30px; text-indent: 0px; letter-spacing: normal; font-family: &quot;Microsoft YaHei&quot;; font-size: 16px; font-style: normal; font-weight: 400; word-spacing: 0px; white-space: normal; orphans: 2; widows: 2; font-variant-ligatures: normal; font-variant-caps: normal; -webkit-text-stroke-width: 0px; text-decoration-style: initial; text-decoration-color: initial;"><strong style="font-style: normal; font-weight: 800;">　　<span style="color: rgb(255, 0, 0);">换工作了档案跟着走吗</span></strong></p><p style="margin: 0px 0px 12px; padding: 0px; text-align: left; color: rgb(51, 51, 51); text-transform: none; line-height: 30px; text-indent: 0px; letter-spacing: normal; font-family: &quot;Microsoft YaHei&quot;; font-size: 16px; font-style: normal; font-weight: 400; word-spacing: 0px; white-space: normal; orphans: 2; widows: 2; font-variant-ligatures: normal; font-variant-caps: normal; -webkit-text-stroke-width: 0px; text-decoration-style: initial; text-decoration-color: initial;">　　高校毕业生找到新的工作或者换工作后，所在单位可以开具调档函，原单位或人才机构接到调档函<span style="color: rgb(0, 112, 192);">十五天</span>内，将毕业生档案转递。转递的高校毕业生人事档案必须完整齐全，且应通过机要效能或派专人送取，不得邮寄或交流动人员本人自带。</p><p style="margin: 0px 0px 12px; padding: 0px; text-align: left; color: rgb(51, 51, 51); text-transform: none; line-height: 30px; text-indent: 0px; letter-spacing: normal; font-family: &quot;Microsoft YaHei&quot;; font-size: 16px; font-style: normal; font-weight: 400; word-spacing: 0px; white-space: normal; orphans: 2; widows: 2; font-variant-ligatures: normal; font-variant-caps: normal; -webkit-text-stroke-width: 0px; text-decoration-style: initial; text-decoration-color: initial;"><strong style="font-style: normal; font-weight: 800;">　　<span style="color: rgb(255, 0, 0);">档案能放在毕业生自己手里吗</span></strong></p><p style="margin: 0px 0px 12px; padding: 0px; text-align: left; color: rgb(51, 51, 51); text-transform: none; line-height: 30px; text-indent: 0px; letter-spacing: normal; font-family: &quot;Microsoft YaHei&quot;; font-size: 16px; font-style: normal; font-weight: 400; word-spacing: 0px; white-space: normal; orphans: 2; widows: 2; font-variant-ligatures: normal; font-variant-caps: normal; -webkit-text-stroke-width: 0px; text-decoration-style: initial; text-decoration-color: initial;">　　《流动人员人事档案管理暂行规定》明确规定，流动人员人事档案管理机构为县以上(含县)党委组织部门和政府人力资源社会保障部门所属的公共就业和人才服务机构，其他任何单位不得擅自管理流动人员人事档案;严禁个人保管他人人事档案。“从今年开始，档案存放已经免费了，所以千万别自行携带，给档案安家很重要。”肖部长介绍。</p><p style="margin: 0px 0px 12px; padding: 0px; text-align: left; color: rgb(51, 51, 51); text-transform: none; line-height: 30px; text-indent: 0px; letter-spacing: normal; font-family: &quot;Microsoft YaHei&quot;; font-size: 16px; font-style: normal; font-weight: 400; word-spacing: 0px; white-space: normal; orphans: 2; widows: 2; font-variant-ligatures: normal; font-variant-caps: normal; -webkit-text-stroke-width: 0px; text-decoration-style: initial; text-decoration-color: initial;"><strong style="font-style: normal; font-weight: 800;">　<span style="color: rgb(255, 0, 0);">　毕业生户口和档案迁移如何办理?</span></strong></p><p style="margin: 0px 0px 12px; padding: 0px; text-align: left; color: rgb(51, 51, 51); text-transform: none; line-height: 30px; text-indent: 0px; letter-spacing: normal; font-family: &quot;Microsoft YaHei&quot;; font-size: 16px; font-style: normal; font-weight: 400; word-spacing: 0px; white-space: normal; orphans: 2; widows: 2; font-variant-ligatures: normal; font-variant-caps: normal; -webkit-text-stroke-width: 0px; text-decoration-style: initial; text-decoration-color: initial;">　　答：根据合肥市户籍暂行规定，大学生毕业回原籍必须持户口迁移证，报到证，毕业证书等证件到原籍派出所办理入户手续。</p><p style="margin: 0px 0px 12px; padding: 0px; text-align: left; color: rgb(51, 51, 51); text-transform: none; line-height: 30px; text-indent: 0px; letter-spacing: normal; font-family: &quot;Microsoft YaHei&quot;; font-size: 16px; font-style: normal; font-weight: 400; word-spacing: 0px; white-space: normal; orphans: 2; widows: 2; font-variant-ligatures: normal; font-variant-caps: normal; -webkit-text-stroke-width: 0px; text-decoration-style: initial; text-decoration-color: initial;">　　答：可以的。毕业生在毕业后未能及时找到工作或者考研的，可向学校申请暂缓就业，在2年内找到工作的，及时回学校办理档案转移，迁至工作单位所在地或者单位所在地人才市场，超过2年时间，学校就会直接将档案转至户籍地，可能会导致遗失。</p><p style="margin: 0px 0px 12px; padding: 0px; text-align: left; color: rgb(51, 51, 51); text-transform: none; line-height: 30px; text-indent: 0px; letter-spacing: normal; font-family: &quot;Microsoft YaHei&quot;; font-size: 16px; font-style: normal; font-weight: 400; word-spacing: 0px; white-space: normal; orphans: 2; widows: 2; font-variant-ligatures: normal; font-variant-caps: normal; -webkit-text-stroke-width: 0px; text-decoration-style: initial; text-decoration-color: initial;">　　答：根据《流动人员人事档案管理暂行规定》第9条规定：流动人员人事档案转递，应通过机要交通或派专人送取，不得邮寄或交流动人员本人自带。对流动人员本人自带的人事档案，人才流动服务机构不得接收。应将档案托管到相关部门。</p><p style="margin: 0px 0px 12px; padding: 0px; text-align: left; color: rgb(51, 51, 51); text-transform: none; line-height: 30px; text-indent: 0px; letter-spacing: normal; font-family: &quot;Microsoft YaHei&quot;; font-size: 16px; font-style: normal; font-weight: 400; word-spacing: 0px; white-space: normal; orphans: 2; widows: 2; font-variant-ligatures: normal; font-variant-caps: normal; -webkit-text-stroke-width: 0px; text-decoration-style: initial; text-decoration-color: initial;">　　答：在丢失的户口迁移证的迁往地址所在派出所开“证明信”，证明你未在此落户，而且证明信必须加盖户口专用章。然后持证明信、本人申请、院系证明、身份证、报道证复印件和报纸挂失证明去学校户籍科办理相关手续。</p><p style="margin: 0px 0px 12px; padding: 0px; text-align: left; color: rgb(51, 51, 51); text-transform: none; line-height: 30px; text-indent: 0px; letter-spacing: normal; font-family: &quot;Microsoft YaHei&quot;; font-size: 16px; font-style: normal; font-weight: 400; word-spacing: 0px; white-space: normal; orphans: 2; widows: 2; font-variant-ligatures: normal; font-variant-caps: normal; -webkit-text-stroke-width: 0px; text-decoration-style: initial; text-decoration-color: initial;">　　答：个人办理程序：1、提供材料：毕业证、报到证、身份证、劳动合同书，已参加工作的人员提供与原单位解除劳动关系的证明;2、市人才中心办理调档手续，在职人员办理调动手续;3、 签订《人事代理<span style="text-decoration: none;">协议书</span>》。</p><p style="margin: 0px 0px 12px; padding: 0px; text-align: left; color: rgb(51, 51, 51); text-transform: none; line-height: 30px; text-indent: 0px; letter-spacing: normal; font-family: &quot;Microsoft YaHei&quot;; font-size: 16px; font-style: normal; font-weight: 400; word-spacing: 0px; white-space: normal; orphans: 2; widows: 2; font-variant-ligatures: normal; font-variant-caps: normal; -webkit-text-stroke-width: 0px; text-decoration-style: initial; text-decoration-color: initial;">　　单位人事代理办理程序：1、单位提出书面办理人事代理申请及代理人员花名册;2、提供材料：毕业证、报到证、身份证、聘用合同;单位工商营业执照或事业法人证书;3、市人才服务中心办理调档及调动手续;4、签订《人事代理协议书》。</p><p><br/></p>', '每年的这个时候，大多高校毕业生在努力找工作之余，也在办理各种毕业手续。然而，由于种种原因，每年总有一些毕业生不知道自己的档案如何安放，最终成为“弃档族”。省人才服务局人事代理部部长肖丽红提醒广大毕业生，档案直接关系到毕业生个人的切身利益，档案如何处置千万不能轻视。　　“弃档族”不少关键时刻傻了眼　　刘潇20', 1, '2018-07-21 20:17:36', 203, '/index/picture/show/id/19.html', 0),
(20, 25, '亲爱的，为什么你会越来越懒？', '/uploads/images/20180724/ff0122e61d734cbd947ac06b7e21c1bc.jpg', '{"1":"\\/uploads\\/images\\/20180724\\/ff0122e61d734cbd947ac06b7e21c1bc.jpg"}', '<p><br/></p><p>&nbsp;&nbsp;&nbsp;&nbsp;很久以前就想着建一个自己的网站，用来写写东西、分享一下心情体会什么的，还是不错的。最差，也可以用来装X。<img src="http://img.baidu.com/hi/jx2/j_0028.gif" width="28" height="32"/></p><p><br/></p><p>&nbsp;&nbsp;&nbsp;&nbsp;这个想法，终于在工作半年后实现了。买了腾讯云服务器、买了域名，然后漫长的备案...找了好多优秀的博客源码，如zblog、emlog、wordpress等等，以及各种CMS。最后偶然看到了<a href="http://www.phplaozhang.com" target="_blank">老张博客</a>，个人又对TP5有着别样的情愫，虽然不懂layui，但是还是决定就用这款了。经过了各种折腾、查社区资料，最终终于算是完成了。心情也是相当的激动啊！我也是一个光荣的个人站长了<img src="http://img.baidu.com/hi/jx2/j_0061.gif"/></p><p><br/></p><p>&nbsp;&nbsp;&nbsp;&nbsp;然而，文章的难写程度远超乎我的想象，相信每个站长都深有体会。越是想写好一篇文章，越是觉得肚子里东西不够。有时候，需要好几天的功夫才能写完，可是网络盗版猖獗的状况下，让人那么痛心与愤怒，伸手党们可以在一分钟内完美复制粘贴，你是什么心情？<img src="http://img.baidu.com/hi/jx2/j_0064.gif"/></p><p><br/></p><p>&nbsp;&nbsp;&nbsp;&nbsp;考虑良久，以后本站不会在分享太多的技术教程了。简单的，百度一下，博客园一大堆，重复率那么高，你还找不到，那就不怪别人了。我的博客，以后只写心情，或者代码想法，特别白的小白估计是看不懂了。那就先和我分享心情吧，以后技术起来了，一起学习技术。毕竟，编程路上，总是孤独的！<img src="http://img.baidu.com/hi/jx2/j_0005.gif" width="38" height="33"/></p><p><br/></p><p>&nbsp;&nbsp;&nbsp;&nbsp;本来打算一周更新一篇，现在看来，还是有些难了。那就随心吧，两周更新一次，或者一月一次。这个应该可以了吧！O(∩_∩)O哈哈~<br/></p><p><br/></p><p>&nbsp;&nbsp;&nbsp;&nbsp;<br/></p>', '    很久以前就想着建一个自己的网站，用来写写东西、分享一下心情体会什么的，还是不错的。最差，也可以用来装X。    这个想法，终于在工作半年后实现了。买了腾讯云服务器、买了域名，然后漫长的备案...找了好多优秀的博客源码，如zblog、emlog、wordpress等等，以及各种CMS。最后偶然看到了老张博客，个人又对TP5有着别样的情愫，虽然不懂layui，但是还是决定就用这款了。经过了各种折腾、查社区资料，最', 1, '2018-07-24 17:40:30', 64, '/index/picture/show/id/20.html', 0),
(21, 25, '闲谈微博金V账号成长之路', '/uploads/images/20180807/071959f8bde5b3bba0105ec76644bd51.jpg', '{"1":"\\/uploads\\/images\\/20180807\\/071959f8bde5b3bba0105ec76644bd51.jpg"}', '<p>&nbsp;&nbsp;&nbsp;&nbsp;</p><p style="line-height: normal;">&nbsp;&nbsp;&nbsp;&nbsp;<span style="font-family: 微软雅黑, &quot;Microsoft YaHei&quot;; font-size: 16px;">曾几何时，百度贴吧还是如日中天的光辉时刻，帝吧、大吧主、小吧主以及各种印记。一天得刷无数次贴吧，吧友扯淡，大学生活过的好不逍遥。。</span><img src="http://img.baidu.com/hi/jx2/j_0028.gif" width="39" height="33"/><span style="font-family: 微软雅黑, &quot;Microsoft YaHei&quot;; font-size: 16px;">然而，仅仅毕业不到两年，贴吧就几乎销声匿迹了。很多吧友逐渐转为微博大V了，当然这里说的是新浪微博（腾讯微博早已躺尸了...</span><img src="http://img.baidu.com/hi/jx2/j_0064.gif"/><span style="font-family: 微软雅黑, &quot;Microsoft YaHei&quot;; font-size: 16px;">）。我也顺应</span><span style="font-family: 微软雅黑, &quot;Microsoft YaHei&quot;; font-size: 18px;">时代潮流，转为一名大V博主。</span></p><hr/><p style="line-height: 1.75em;"><span style="font-size: 16px;">&nbsp;&nbsp;&nbsp;&nbsp;<span style="font-family: 微软雅黑, &quot;Microsoft YaHei&quot;; font-size: 16px;">水了一段时间博文，每天发发心情。使用朋友公司的印章，<span style="font-family: 微软雅黑, &quot;Microsoft YaHei&quot;; color: rgb(0, 112, 192);"><strong>身份认证</strong></span>通过后，很快认证了<strong><span style="font-family: 微软雅黑, &quot;Microsoft YaHei&quot;; color: rgb(0, 112, 192);">情感博主、XXX视频自媒体</span></strong>。最近又申请了超级话题，光杆司令主持人哈。微博认证：<span style="font-family: 微软雅黑, &quot;Microsoft YaHei&quot;; color: rgb(0, 112, 192);">XXX超话主持人</span>。后来看到微博招聘“<strong><span style="font-family: 微软雅黑, &quot;Microsoft YaHei&quot;; color: rgb(255, 0, 0);">微博监督员</span></strong>”，据说还有200元补贴。也去申请，不过这次没给过，而且只有一次提交机会，真TMD蛋疼。算了，既然无缘，也不强求，这个就不要了。这样算下来，橙V头衔也有一堆了，也懒得折腾认证了。那么说了这么多，<strong><span style="font-family: 微软雅黑, &quot;Microsoft YaHei&quot;; color: rgb(255, 0, 0);">金V</span></strong>怎么搞呢？毕竟算是微博里最红的账号了。</span></span><br/></p><p><br/></p><p><span style="font-family: 微软雅黑, &quot;Microsoft YaHei&quot;; font-size: 18px; color: rgb(255, 192, 0);"><strong>#&nbsp;<span style="font-family: 微软雅黑, &quot;Microsoft YaHei&quot;; color: rgb(0, 0, 0); font-size: 16px;">硬性条件</span></strong></span></p><p><span style="font-family: 微软雅黑, &quot;Microsoft YaHei&quot;; font-size: 18px; color: rgb(255, 192, 0);"><strong><span style="font-family: 微软雅黑, &quot;Microsoft YaHei&quot;; color: rgb(0, 0, 0); font-size: 16px;">&nbsp;&nbsp;&nbsp;&nbsp;</span></strong><span style="font-family: 微软雅黑, &quot;Microsoft YaHei&quot;; color: rgb(0, 0, 0); font-size: 16px;">首先，必须是橙V，这个不难，这里不多浪费时间了。需要的，自己百度。其次，就是拥有1万+粉丝，这个某宝就能做到，还是不难的。最后就是近30天微博总博文阅读量&gt;=1000万。这个数据仔细分析就是，不论你发多少微博，右上角都有一条阅读量的数字显示（自己可见），近30天新发的微博阅读量之和大于1000万，就会自动成为金V。不过最多只有一个月有效期，下个月不够1000万就会自动变回橙V。这个条件，对于拥有几十乃至几百万粉丝的账号来说，无非多发几条微博，就轻松搞定了。可是对于我这样的粉丝只有1万多，就困难多了。就算蹭上热搜，一个月也只有两三百万撑死了。最多混个“知名博主”（月阅读量大于100万）。那么，有没有其他办法呢？答案，是有的。</span><strong><span style="font-family: 微软雅黑, &quot;Microsoft YaHei&quot;; color: rgb(0, 0, 0); font-size: 16px;"><br/></span></strong></span></p><p><img src="/ueditor/php/upload/image/20180807/1533626781135514.png" title="1533626781135514.png" alt="image.png" width="747" height="231"/></p><p><br/></p><p><span style="color: rgb(255, 192, 0);"><strong>#</strong></span><strong> 1000万阅读量</strong></p><p><strong>&nbsp;&nbsp;&nbsp;&nbsp;</strong>估计很多人，都看到过了网上的教程。很多网站都有一款叫做“YD3”的刷阅读量软件，同时很多人对这个软件半信半疑，真的有效吗？这里，我亲身测试过后，告诉大家：真的有效，起码是截止目前为止，还是有效的。<img src="http://img.baidu.com/hi/jx2/j_0003.gif" width="38" height="40"/>不然，我的金V怎么来的。。<strong><br/></strong></p><p><br/></p><p>&nbsp;&nbsp;&nbsp;&nbsp;关于使用方法，有些啰嗦，也许很多行外人看不懂，不过不需要懂太多，只要会操作就可以。大家需要购买一个“拨号VPS”服务器，远程连接后，把“YD3”复制过来，打开连接即可。（中间省略安装系统、查看宽带账号密码、微博账号UID三步，不会的自己百度。）<br/></p><p>&nbsp;&nbsp;&nbsp;&nbsp;这个方法有个弊端，那就是需要一直连着刷，如果图便宜买最低配的（5元一天），大概需要刷24小时，连接一直不能断。很心累，总得操心着。当然，你如果有钱，可以买配置高点的，一天15元甚至更高，应该会快得多，毕竟可以多开很多进程。<br/></p><p><br/></p><p><span style="color: rgb(255, 192, 0);"><strong>#</strong></span> <strong>最后</strong></p><p><strong>&nbsp;&nbsp;&nbsp;&nbsp;其实，这个没什么用，在我看来。人就是如此，越是得不到的，越觉得难受。真正得到了，也就是那样。无非是过过瘾，没有其他什么别的卵用。除非打算做营销号，利用流量赚钱。好了，最近的经历写出来了，大家看看即可，也算更新了。O(∩_∩)O哈哈~<br/></strong></p><p><strong><br/></strong></p><p><strong>&nbsp;&nbsp;&nbsp;&nbsp;插一句，喜欢玩微博的朋友，欢迎关注我哦！我的微博昵称：<a href="https://weibo.com/5574268708/profile?topnav=1&wvr=6&is_all=1" target="_blank" title="桔先森信箱">桔先森信箱</a>（点击也可跳转）<img src="http://img.baidu.com/hi/jx2/j_0058.gif"/></strong></p><p><br/></p>', '曾几何时，百度贴吧还是如日中天的光辉时刻，帝吧、大吧主、小吧主以及各种印记。一天得刷无数次贴吧，吧友扯淡，大学生活过的好不逍遥。。然而，仅仅毕业不到两年，贴吧就几乎销声匿迹了。很多吧友逐渐转为微博大V了，当然这里说的是新浪微博（腾讯微博早已躺尸了...）。我也顺应时代潮流，转为一名大V博主。    水了一段时间博文，每天发发心情。使用朋友公司的印章，身份认证通过', 1, '2018-08-07 15:03:08', 40, '/index/picture/show/id/21.html', 0);

-- --------------------------------------------------------

--
-- 表的结构 `lz_setting`
--

CREATE TABLE IF NOT EXISTS `lz_setting` (
  `key` varchar(200) NOT NULL DEFAULT '',
  `value` text
) ENGINE=MyISAM DEFAULT CHARSET=utf8 COMMENT='设置表';

--
-- 转存表中的数据 `lz_setting`
--

INSERT INTO `lz_setting` (`key`, `value`) VALUES
('site_status', '1'),
('search_model', '3'),
('sitemap_model', '2'),
('changefreq', 'weekly'),
('is_watermark', '1'),
('watermark_locate', '9'),
('watermark_alpha', '80'),
('watermark_width', '600'),
('watermark_height', '400'),
('copy', '杰新博客 © 只为更好地写博文'),
('site_name', '杰新博客'),
('title_add', ' | 轻松学习，快乐生活'),
('keywords', '博客、php、日记、杰新'),
('description', ''),
('logo', ''),
('file', ''),
('qr_code', ''),
('site_url', 'http://neweb.top/'),
('icp', '晋ICP备18002329号'),
('site_statistice', '<script type="text/javascript">var cnzz_protocol = (("https:" == document.location.protocol) ? " https://" : " http://");document.write(unescape("%3Cspan id=''cnzz_stat_icon_1272913964''%3E%3C/span%3E%3Cscript src=''" + cnzz_protocol + "s13.cnzz.com/z_stat.php%3Fid%3D1272913964%26show%3Dpic'' type=''text/javascript''%3E%3C/script%3E"));</script>'),
('head_html', ''),
('threshold', '1'),
('guest_feedback', '1'),
('stationmaster_name', 'Jason'),
('stationmaster_occupation', 'PHP程序猿、WEB前端渣渣'),
('stationmaster_motto', '专注，整理，思考，收获'),
('stationmaster_qq', '996265368'),
('stationmaster_qqnet', ''),
('stationmaster_qqnet_code', ''),
('watermark', '/uploads/images/20180710/5c8b474984cb5c9c6aa02fc6663995cf.png'),
('editor', 'layedit'),
('changyan_app_id', 'cytGPPJtH'),
('changyan_app_key', 'f42d06770e582a1e3427ce3fc68b4573'),
('qq_app_id', 'cytKw2a7H'),
('qq_app_key', 'f4e999d9bd1eeadec0a45723db3f918d'),
('index_banner', '/uploads/images/20170625/bc59bbb81c99212a3366050346c45b2d.jpg'),
('lzcms_banner', ''),
('index_banner_bg', '#393D49'),
('site_idea1', '学无止境\n学习，探索，研究，从不了解到了解，从无知到掌握，到灵活运用，在不断的学习中加深认识。由浅入深，由表及里。'),
('lzcms_banner_link', 'http://www.baidu.com'),
('site_closedreason', '5555'),
('site_idea2', '业精于勤\n“业精于勤荒于嬉”，精深的业技靠的是勤学、刻苦努力，靠的是争分夺秒的勤学苦练才会有精深的技术。得在认真，失在随便。'),
('site_idea3', '工匠精神\n精益求精，注重细节，追求完美和极致，不惜花费时间精力，孜孜不倦，反复改进产品，把99%提高到99.99%。'),
('site_idea', ''),
('links', '{"1":{"id":"1","name":"\\u516d\\u5341\\u4e8c\\u793e\\u533a","link_url":"http:\\/\\/www.prm612.top","sort":"0"},"3":{"id":"3","name":"\\u5b5f\\u5764\\u535a\\u5ba2","link_url":"https:\\/\\/mkblog.cn","sort":"2"},"4":{"id":"4","name":"boke112","link_url":"https:\\/\\/boke112.com","sort":"4"},"5":{"id":"5","name":"\\u51b7\\u754c\\u8d44\\u6e90","link_url":"http:\\/\\/www.lygsj.top","sort":"5"},"6":{"id":"6","name":"Marsky","link_url":"http:\\/\\/php365.top","sort":"6"},"7":{"id":"7","name":"\\u83dc\\u9e1f\\u535a\\u5ba2","link_url":"http:\\/\\/birdteam.net","sort":"7"}}'),
('is_excel', '0');

--
-- Indexes for dumped tables
--

--
-- Indexes for table `lz_admin`
--
ALTER TABLE `lz_admin`
  ADD PRIMARY KEY (`id`);

--
-- Indexes for table `lz_article`
--
ALTER TABLE `lz_article`
  ADD PRIMARY KEY (`id`),
  ADD KEY `category_id` (`category_id`),
  ADD KEY `hits` (`hits`);

--
-- Indexes for table `lz_category`
--
ALTER TABLE `lz_category`
  ADD PRIMARY KEY (`id`);

--
-- Indexes for table `lz_download`
--
ALTER TABLE `lz_download`
  ADD PRIMARY KEY (`id`),
  ADD KEY `category_id` (`category_id`);

--
-- Indexes for table `lz_feedback`
--
ALTER TABLE `lz_feedback`
  ADD PRIMARY KEY (`id`),
  ADD KEY `member_id` (`member_id`);

--
-- Indexes for table `lz_link`
--
ALTER TABLE `lz_link`
  ADD PRIMARY KEY (`id`),
  ADD KEY `category_id` (`category_id`);

--
-- Indexes for table `lz_member`
--
ALTER TABLE `lz_member`
  ADD PRIMARY KEY (`id`),
  ADD KEY `openid` (`openid`);

--
-- Indexes for table `lz_model`
--
ALTER TABLE `lz_model`
  ADD PRIMARY KEY (`id`);

--
-- Indexes for table `lz_page`
--
ALTER TABLE `lz_page`
  ADD PRIMARY KEY (`id`),
  ADD KEY `category_id` (`category_id`);

--
-- Indexes for table `lz_picture`
--
ALTER TABLE `lz_picture`
  ADD PRIMARY KEY (`id`),
  ADD KEY `category_id` (`category_id`),
  ADD KEY `is_recommend` (`is_recommend`);

--
-- Indexes for table `lz_setting`
--
ALTER TABLE `lz_setting`
  ADD PRIMARY KEY (`key`);

--
-- AUTO_INCREMENT for dumped tables
--

--
-- AUTO_INCREMENT for table `lz_admin`
--
ALTER TABLE `lz_admin`
  MODIFY `id` tinyint(3) unsigned NOT NULL AUTO_INCREMENT,AUTO_INCREMENT=2;
--
-- AUTO_INCREMENT for table `lz_article`
--
ALTER TABLE `lz_article`
  MODIFY `id` int(10) unsigned NOT NULL AUTO_INCREMENT;
--
-- AUTO_INCREMENT for table `lz_category`
--
ALTER TABLE `lz_category`
  MODIFY `id` int(10) unsigned NOT NULL AUTO_INCREMENT,AUTO_INCREMENT=30;
--
-- AUTO_INCREMENT for table `lz_download`
--
ALTER TABLE `lz_download`
  MODIFY `id` int(10) unsigned NOT NULL AUTO_INCREMENT;
--
-- AUTO_INCREMENT for table `lz_feedback`
--
ALTER TABLE `lz_feedback`
  MODIFY `id` int(10) unsigned NOT NULL AUTO_INCREMENT,AUTO_INCREMENT=65;
--
-- AUTO_INCREMENT for table `lz_link`
--
ALTER TABLE `lz_link`
  MODIFY `id` int(10) unsigned NOT NULL AUTO_INCREMENT;
--
-- AUTO_INCREMENT for table `lz_member`
--
ALTER TABLE `lz_member`
  MODIFY `id` int(10) unsigned NOT NULL AUTO_INCREMENT,AUTO_INCREMENT=7;
--
-- AUTO_INCREMENT for table `lz_model`
--
ALTER TABLE `lz_model`
  MODIFY `id` int(10) unsigned NOT NULL AUTO_INCREMENT,AUTO_INCREMENT=6;
--
-- AUTO_INCREMENT for table `lz_page`
--
ALTER TABLE `lz_page`
  MODIFY `id` int(10) unsigned NOT NULL AUTO_INCREMENT,AUTO_INCREMENT=2;
--
-- AUTO_INCREMENT for table `lz_picture`
--
ALTER TABLE `lz_picture`
  MODIFY `id` int(10) unsigned NOT NULL AUTO_INCREMENT,AUTO_INCREMENT=22;
/*!40101 SET CHARACTER_SET_CLIENT=@OLD_CHARACTER_SET_CLIENT */;
/*!40101 SET CHARACTER_SET_RESULTS=@OLD_CHARACTER_SET_RESULTS */;
/*!40101 SET COLLATION_CONNECTION=@OLD_COLLATION_CONNECTION */;
